report_period_start,report_period_end,interval_start,interval_end,container_name,pod,owner_name,owner_kind,workload,workload_type,namespace,image_name,node,resource_id,cpu_request_container_avg,cpu_request_container_sum,cpu_limit_container_avg,cpu_limit_container_sum,cpu_usage_container_avg,cpu_usage_container_min,cpu_usage_container_max,cpu_usage_container_sum,cpu_throttle_container_avg,cpu_throttle_container_max,cpu_throttle_container_sum,memory_request_container_avg,memory_request_container_sum,memory_limit_container_avg,memory_limit_container_sum,memory_usage_container_avg,memory_usage_container_min,memory_usage_container_max,memory_usage_container_sum,memory_rss_usage_container_avg,memory_rss_usage_container_min,memory_rss_usage_container_max,memory_rss_usage_container_sum
2023-06-01 00:00:00 +0000 UTC,2023-07-01 00:00:00 +0000 UTC,2023-06-07 06:00:01 +0000 UTC,2023-06-07 06:15:00 +0000 UTC,stage-index,stage-index-zz5qw,stage-index,Job,stage-index,job,stage,quay.io/stage,ip.ec2.internal,9023750193,9.24,9.24,9.24,9.24,3.85145899918241,1.76455695920158,6.68538603299918,3.85145899918241,0,0,0,2733000000,2733000000,2733000000,2733000000,1043869035.35484,1040486400,1046061056,1043869035.35484,1030068950.70968,1028579328,1031127040,1030068950.70968
2023-06-01 00:00:00 +0000 UTC,2023-07-01 00:00:00 +0000 UTC,2023-06-07 06:15:01 +0000 UTC,2023-06-07 06:30:00 +0000 UTC,stage-index,stage-index-zz5qw,stage-index,Job,stage-index,job,stage,quay.io/stage,ip.ec2.internal,9023750193,9.24,9.24,9.24,9.24,4.20374661883443,2.05818698389921,8.05533864223398,4.20374661883443,0,0,0,2733000000,2733000000,2733000000,2733000000,926141781.333333,922509312,928559104,926141781.333333,907353702.4,905744384,908439552,907353702.4
2023-06-01 00:00:00 +0000 UTC,2023-07-01 00:00:00 +0000 UTC,2023-06-07 06:30:01 +0000 UTC,2023-06-07 06:45:00 +0000 UTC,stage-index,stage-index-zz5qw,stage-index,Job,stage-index,job,stage,quay.io/stage,ip.ec2.internal,9023750193,9.24,9.24,9.24,9.24,4.0401830293202,1.65528641099421,7.52140436617192,4.0401830293202,0.000286944283908048,0.000286944283908048,0.000286944283908048,2733000000,2733000000,2733000000,2733000000,1188766488.77419,1050877952,1200111616,1188766488.77419,1158710437.16129,1022681088,1168867328,1158710437.16129
2023-06-01 00:00:00 +0000 UTC,2023-07-01 00:00:00 +0000 UTC,2023-06-07 06:45:01 +0000 UTC,2023-06-07 07:00:00 +0000 UTC,stage-index,stage-index-zz5qw,stage-index,Job,stage-index,job,stage,quay.io/stage,ip.ec2.internal,9023750193,9.24,9.24,9.24,9.24,2.9443669877266,1.73803005846373,4.42641212757056,2.9443669877266,0,0,0,2733000000,2733000000,2733000000,2733000000,1043931400.25806,1037258752,1046384640,1043931400.25806,1030284981.67742,1027174400,1031184384,1030284981.67742
2023-06-01 00:00:00 +0000 UTC,2023-07-01 00:00:00 +0000 UTC,2023-06-07 07:00:01 +0000 UTC,2023-06-07 07:15:00 +0000 UTC,stage-index,stage-index-zz5qw,stage-index,Job,stage-index,job,stage,quay.io/stage,ip.ec2.internal,9023750193,9.24,9.24,9.24,9.24,3.11948127674793,1.72829374160307,4.5482986570724,3.11948127674793,0,0,0,2733000000,2733000000,2733000000,2733000000,926622515.2,920535040,928608256,926622515.2,907626632.533333,904835072,908460032,907626632.533333
2023-06-01 00:00:00 +0000 UTC,2023-07-01 00:00:00 +0000 UTC,2023-06-07 07:15:01 +0000 UTC,2023-06-07 07:30:00 +0000 UTC,stage-index,stage-index-zz5qw,stage-index,Job,stage-index,job,stage,quay.io/stage,ip.ec2.internal,9023750193,9.24,9.24,9.24,9.24,2.8994742112555,1.60718357999964,4.48753581622926,2.8994742112555,0,0,0,2733000000,2733000000,2733000000,2733000000,1197895415.74194,1191473152,1200152576,1197895415.74194,1168098072.77419,1165123584,1169006592,1168098072.77419
2023-06-01 00:00:00 +0000 UTC,2023-07-01 00:00:00 +0000 UTC,2023-06-07 07:30:01 +0000 UTC,2023-06-07 07:45:00 +0000 UTC,stage-index,stage-index-zz5qw,stage-index,Job,stage-index,job,stage,quay.io/stage,ip.ec2.internal,9023750193,9.24,9.24,9.24,9.24,2.50527279752772,1.47664082050323,3.79543896353959,2.50527279752772,0,0,0,2733000000,2733000000,2733000000,2733000000,1037914376.25806,1037176832,1039556608,1037914376.25806,1027142424.77419,1027067904,1027219456,1027142424.77419
2023-06-01 00:00:00 +0000 UTC,2023-07-01 00:00:00 +0000 UTC,2023-06-07 07:45:01 +0000 UTC,2023-06-07 08:00:00 +0000 UTC,stage-index,stage-index-zz5qw,stage-index,Job,stage-index,job,stage,quay.io/stage,ip.ec2.internal,9023750193,9.24,9.24,9.24,9.24,2.88018496219897,1.38142181793228,4.07615948540624,2.88018496219897,0,0,0,2733000000,2733000000,2733000000,2733000000,920766600.533334,920444928,921616384,920766600.533334,904841352.533333,904806400,904953856,904841352.533333
2023-06-01 00:00:00 +0000 UTC,2023-07-01 00:00:00 +0000 UTC,2023-06-07 08:00:01 +0000 UTC,2023-06-07 08:15:00 +0000 UTC,stage-index,stage-index-zz5qw,stage-index,Job,stage-index,job,stage,quay.io/stage,ip.ec2.internal,9023750193,9.24,9.24,9.24,9.24,2.52814002004116,1.30397870593394,3.8446571649285,2.52814002004116,0,0,0,2733000000,2733000000,2733000000,2733000000,1191813384.25806,1191211008,1192992768,1191813384.25806,1165078660.12903,1164951552,1165221888,1165078660.12903
2023-06-01 00:00:00 +0000 UTC,2023-07-01 00:00:00 +0000 UTC,2023-06-07 08:15:01 +0000 UTC,2023-06-07 08:30:00 +0000 UTC,stage-index,stage-index-zz5qw,stage-index,Job,stage-index,job,stage,quay.io/stage,ip.ec2.internal,9023750193,9.24,9.24,9.24,9.24,2.66502751815676,0.81366536639786,4.42818574400153,2.66502751815676,0,0,0,2733000000,2733000000,2733000000,2733000000,1039986952.25806,1037287424,1046749184,1039986952.25806,1028085429.67742,1027059712,1031278592,1028085429.67742
2023-06-01 00:00:00 +0000 UTC,2023-07-01 00:00:00 +0000 UTC,2023-06-07 08:30:01 +0000 UTC,2023-06-07 08:45:00 +0000 UTC,stage-index,stage-index-zz5qw,stage-index,Job,stage-index,job,stage,quay.io/stage,ip.ec2.internal,9023750193,9.24,9.24,9.24,9.24,2.93888725204549,1.41415530313582,4.45355809750035,2.93888725204549,0,0,0,2733000000,2733000000,2733000000,2733000000,921086361.6,920309760,922681344,921086361.6,904930372.266667,904765440,905519104,904930372.266667
2023-06-01 00:00:00 +0000 UTC,2023-07-01 00:00:00 +0000 UTC,2023-06-07 08:45:01 +0000 UTC,2023-06-07 09:00:00 +0000 UTC,stage-index,stage-index-zz5qw,stage-index,Job,stage-index,job,stage,quay.io/stage,ip.ec2.internal,9023750193,9.24,9.24,9.24,9.24,2.66285395008434,1.36951273483379,4.60035050323543,2.66285395008434,0,0,0,2733000000,2733000000,2733000000,2733000000,1174542666.32258,1112469504,1201815552,1174542666.32258,1146436707.09677,1080729600,1168150528,1146436707.09677
2023-06-01 00:00:00 +0000 UTC,2023-07-01 00:00:00 +0000 UTC,2023-06-07 09:00:01 +0000 UTC,2023-06-07 09:15:00 +0000 UTC,stage-index,stage-index-zz5qw,stage-index,Job,stage-index,job,stage,quay.io/stage,ip.ec2.internal,9023750193,9.24,9.24,9.24,9.24,3.0492652642745,1.72659417683414,4.23500878706109,3.0492652642745,0,0,0,2733000000,2733000000,2733000000,2733000000,1046062641.54839,1045778432,1046650880,1046062641.54839,1031418780.90323,1031294976,1031495680,1031418780.90323
2023-06-01 00:00:00 +0000 UTC,2023-07-01 00:00:00 +0000 UTC,2023-06-07 09:15:01 +0000 UTC,2023-06-07 09:30:00 +0000 UTC,stage-index,stage-index-zz5qw,stage-index,Job,stage-index,job,stage,quay.io/stage,ip.ec2.internal,9023750193,9.24,9.24,9.24,9.24,3.08873360976111,1.61443306113749,4.14383434113115,3.08873360976111,0,0,0,2733000000,2733000000,2733000000,2733000000,922533614.933333,922353664,922943488,922533614.933333,905641437.866667,905547776,905732096,905641437.866667
2023-06-01 00:00:00 +0000 UTC,2023-07-01 00:00:00 +0000 UTC,2023-06-07 09:30:01 +0000 UTC,2023-06-07 09:45:00 +0000 UTC,stage-index,stage-index-zz5qw,stage-index,Job,stage-index,job,stage,quay.io/stage,ip.ec2.internal,9023750193,9.24,9.24,9.24,9.24,2.99917734784126,1.61825377596542,4.00357447093508,2.99917734784126,0,0,0,2733000000,2733000000,2733000000,2733000000,1113099627.35484,1112858624,1113767936,1113099627.35484,1081435301.16129,1081348096,1081479168,1081435301.16129
2023-06-01 00:00:00 +0000 UTC,2023-07-01 00:00:00 +0000 UTC,2023-06-07 09:45:01 +0000 UTC,2023-06-07 10:00:00 +0000 UTC,stage-index,stage-index-zz5qw,stage-index,Job,stage-index,job,stage,quay.io/stage,ip.ec2.internal,9023750193,9.24,9.24,9.24,9.24,3.86824149080552,1.85644578579813,5.47181658030022,3.86824149080552,0,0,0,2733000000,2733000000,2733000000,2733000000,1040259138.06452,1038319616,1046515712,1040259138.06452,1028472303.48387,1027792896,1031438336,1028472303.48387
2023-06-01 00:00:00 +0000 UTC,2023-07-01 00:00:00 +0000 UTC,2023-06-07 11:00:01 +0000 UTC,2023-06-07 11:15:00 +0000 UTC,stage-index,stage-index-zz5qw,stage-index,Job,stage-index,job,stage,quay.io/stage,ip.ec2.internal,9023750193,9.24,9.24,9.24,9.24,4.24204463204654,1.73510813579584,6.3824426494306,4.24204463204654,0,0,0,2733000000,2733000000,2733000000,2733000000,915458457.6,912818176,923009024,915458457.6,902350438.4,901926912,905629696,902350438.4
2023-06-01 00:00:00 +0000 UTC,2023-07-01 00:00:00 +0000 UTC,2023-06-07 11:15:01 +0000 UTC,2023-06-07 11:30:00 +0000 UTC,stage-index,stage-index-zz5qw,stage-index,Job,stage-index,job,stage,quay.io/stage,ip.ec2.internal,9023750193,9.24,9.24,9.24,9.24,3.84771373842429,2.4136036885359,5.19305593366735,3.84771373842429,0,0,0,2733000000,2733000000,2733000000,2733000000,1107186588.90323,1105842176,1113133056,1107186588.90323,1078612760.77419,1078136832,1081450496,1078612760.77419
2023-06-01 00:00:00 +0000 UTC,2023-07-01 00:00:00 +0000 UTC,2023-06-07 11:30:01 +0000 UTC,2023-06-07 11:45:00 +0000 UTC,stage-index,stage-index-zz5qw,stage-index,Job,stage-index,job,stage,quay.io/stage,ip.ec2.internal,9023750193,9.24,9.24,9.24,9.24,3.21722966213426,1.6413552907994,5.4343398018973,3.21722966213426,0,0,0,2733000000,2733000000,2733000000,2733000000,1038341549.41935,1036861440,1040474112,1038341549.41935,1027470236.90323,1027022848,1027973120,1027470236.90323
2023-06-01 00:00:00 +0000 UTC,2023-07-01 00:00:00 +0000 UTC,2023-06-07 11:45:01 +0000 UTC,2023-06-07 12:00:00 +0000 UTC,stage-index,stage-index-zz5qw,stage-index,Job,stage-index,job,stage,quay.io/stage,ip.ec2.internal,9023750193,9.24,9.24,9.24,9.24,3.67256358156007,1.36663692740258,5.64722305459436,3.67256358156007,0,0,0,2733000000,2733000000,2733000000,2733000000,912433152,911654912,913408000,912433152,901665860.266667,901369856,902008832,901665860.266667
2023-06-01 00:00:00 +0000 UTC,2023-07-01 00:00:00 +0000 UTC,2023-06-06 12:00:01 +0000 UTC,2023-06-06 12:15:00 +0000 UTC,stage-index,stage-index-zz5qw,stage-index,Job,stage-index,job,stage,quay.io/stage,ip.ec2.internal,9023750193,9.24,9.24,9.24,9.24,3.25786979102659,1.60475617676663,5.50364672606035,3.25786979102659,0,0,0,2733000000,2733000000,2733000000,2733000000,1093083928.77419,1089638400,1106776064,1093083928.77419,1077837163.35484,1077432320,1078226944,1077837163.35484
2023-06-01 00:00:00 +0000 UTC,2023-07-01 00:00:00 +0000 UTC,2023-06-06 12:15:01 +0000 UTC,2023-06-06 12:30:00 +0000 UTC,stage-index,stage-index-zz5qw,stage-index,Job,stage-index,job,stage,quay.io/stage,ip.ec2.internal,9023750193,9.24,9.24,9.24,9.24,3.10468609927119,1.5030567946999,6.8924898486274,3.10468609927119,0,0,0,2733000000,2733000000,2733000000,2733000000,1037897860.12903,1036824576,1040048128,1037897860.12903,1027103446.70968,1026998272,1027444736,1027103446.70968
2023-06-01 00:00:00 +0000 UTC,2023-07-01 00:00:00 +0000 UTC,2023-06-06 12:30:01 +0000 UTC,2023-06-06 12:45:00 +0000 UTC,stage-index,stage-index-zz5qw,stage-index,Job,stage-index,job,stage,quay.io/stage,ip.ec2.internal,9023750193,9.24,9.24,9.24,9.24,3.46278171851895,1.14433201487021,6.73433733466858,3.46278171851895,0,0,0,2733000000,2733000000,2733000000,2733000000,912042666.666667,911585280,913104896,912042666.666667,901443447.466667,901369856,901660672,901443447.466667
2023-06-01 00:00:00 +0000 UTC,2023-07-01 00:00:00 +0000 UTC,2023-06-06 12:45:01 +0000 UTC,2023-06-06 13:00:00 +0000 UTC,stage-index,stage-index-zz5qw,stage-index,Job,stage-index,job,stage,quay.io/stage,ip.ec2.internal,9023750193,9.24,9.24,9.24,9.24,3.05288540789676,1.62385402696673,5.98285702836389,3.05288540789676,0,0,0,2733000000,2733000000,2733000000,2733000000,1090328774.19355,1089708032,1091481600,1090328774.19355,1077508426.32258,1077383168,1077862400,1077508426.32258
2023-06-01 00:00:00 +0000 UTC,2023-07-01 00:00:00 +0000 UTC,2023-06-06 13:00:01 +0000 UTC,2023-06-06 13:15:00 +0000 UTC,stage-index,stage-index-zz5qw,stage-index,Job,stage-index,job,stage,quay.io/stage,ip.ec2.internal,9023750193,9.24,9.24,9.24,9.24,5.29807851959227,2.4202256243676,7.43509224223284,5.29807851959227,0,0,0,2733000000,2733000000,2733000000,2733000000,1033607366.19355,1029615616,1040162816,1033607366.19355,1020945837.41935,1016680448,1027731456,1020945837.41935
2023-06-01 00:00:00 +0000 UTC,2023-07-01 00:00:00 +0000 UTC,2023-06-06 13:15:01 +0000 UTC,2023-06-06 13:30:00 +0000 UTC,stage-index,stage-index-zz5qw,stage-index,Job,stage-index,job,stage,quay.io/stage,ip.ec2.internal,9023750193,9.24,9.24,9.24,9.24,5.83088314571211,2.31914890406188,9.33304236559973,5.83088314571211,0,0,0,2733000000,2733000000,2733000000,2733000000,912618291.2,912355328,913301504,912618291.2,901559773.866667,901509120,901611520,901559773.866667
2023-06-01 00:00:00 +0000 UTC,2023-07-01 00:00:00 +0000 UTC,2023-06-06 13:30:01 +0000 UTC,2023-06-06 13:45:00 +0000 UTC,stage-index,stage-index-zz5qw,stage-index,Job,stage-index,job,stage,quay.io/stage,ip.ec2.internal,9023750193,9.24,9.24,9.24,9.24,5.32320655564234,4.23515320476921,6.35983107443123,5.32320655564234,0,0,0,2733000000,2733000000,2733000000,2733000000,1091142821.16129,1090621440,1094180864,1091142821.16129,1077772684.3871,1077719040,1077874688,1077772684.3871
2023-06-01 00:00:00 +0000 UTC,2023-07-01 00:00:00 +0000 UTC,2023-06-06 13:45:01 +0000 UTC,2023-06-06 14:00:00 +0000 UTC,stage-index,stage-index-zz5qw,stage-index,Job,stage-index,job,stage,quay.io/stage,ip.ec2.internal,9023750193,9.24,9.24,9.24,9.24,3.38448540275787,1.64461268543576,6.34441309859976,3.38448540275787,0,0,0,2733000000,2733000000,2733000000,2733000000,1030476965.16129,1029885952,1031213056,1030476965.16129,1016942988.3871,1016795136,1017040896,1016942988.3871
2023-06-01 00:00:00 +0000 UTC,2023-07-01 00:00:00 +0000 UTC,2023-06-06 14:00:01 +0000 UTC,2023-06-06 14:15:00 +0000 UTC,stage-index,stage-index-zz5qw,stage-index,Job,stage-index,job,stage,quay.io/stage,ip.ec2.internal,9023750193,9.24,9.24,9.24,9.24,3.5101640262923,1.70116155740495,6.31353690646744,3.5101640262923,0,0,0,2733000000,2733000000,2733000000,2733000000,913041954.133333,912355328,913436672,913041954.133333,901705181.866666,901517312,901763072,901705181.866666
2023-06-01 00:00:00 +0000 UTC,2023-07-01 00:00:00 +0000 UTC,2023-06-06 14:15:01 +0000 UTC,2023-06-06 14:30:00 +0000 UTC,stage-index,stage-index-zz5qw,stage-index,Job,stage-index,job,stage,quay.io/stage,ip.ec2.internal,9023750193,9.24,9.24,9.24,9.24,3.34558280157883,1.89044552589767,6.66955246189609,3.34558280157883,0,0,0,2733000000,2733000000,2733000000,2733000000,1091494945.03226,1090945024,1092059136,1091494945.03226,1077861475.09677,1077760000,1077891072,1077861475.09677
2023-06-01 00:00:00 +0000 UTC,2023-07-01 00:00:00 +0000 UTC,2023-06-06 14:30:01 +0000 UTC,2023-06-06 14:45:00 +0000 UTC,stage-index,stage-index-zz5qw,stage-index,Job,stage-index,job,stage,quay.io/stage,ip.ec2.internal,9023750193,9.24,9.24,9.24,9.24,2.6857525555611,1.56624286030419,3.72478972010625,2.6857525555611,0,0,0,2733000000,2733000000,2733000000,2733000000,1029783684.12903,1028411392,1032282112,1029783684.12903,1016622707.6129,1016164352,1016983552,1016622707.6129
2023-06-01 00:00:00 +0000 UTC,2023-07-01 00:00:00 +0000 UTC,2023-06-06 14:45:01 +0000 UTC,2023-06-06 15:00:00 +0000 UTC,stage-index,stage-index-zz5qw,stage-index,Job,stage-index,job,stage,quay.io/stage,ip.ec2.internal,9023750193,9.24,9.24,9.24,9.24,3.00904598902109,1.55076105366461,4.30222740683239,3.00904598902109,0,0,0,2733000000,2733000000,2733000000,2733000000,912555076.266667,911794176,913321984,912555076.266667,901592132.266667,901402624,901763072,901592132.266667
2023-06-01 00:00:00 +0000 UTC,2023-07-01 00:00:00 +0000 UTC,2023-06-06 15:00:01 +0000 UTC,2023-06-06 15:15:00 +0000 UTC,stage-index,stage-index-zz5qw,stage-index,Job,stage-index,job,stage,quay.io/stage,ip.ec2.internal,9023750193,9.24,9.24,9.24,9.24,2.76017537470778,1.34519061303387,4.08485443213334,2.76017537470778,0,0,0,2733000000,2733000000,2733000000,2733000000,1090996422.19355,1089912832,1091817472,1090996422.19355,1077753129.29032,1077563392,1077899264,1077753129.29032
2023-06-01 00:00:00 +0000 UTC,2023-07-01 00:00:00 +0000 UTC,2023-06-06 15:15:01 +0000 UTC,2023-06-06 15:30:00 +0000 UTC,stage-index,stage-index-zz5qw,stage-index,Job,stage-index,job,stage,quay.io/stage,ip.ec2.internal,9023750193,9.24,9.24,9.24,9.24,2.56921030097098,1.45696426849657,3.75963582130304,2.56921030097098,0,0,0,2733000000,2733000000,2733000000,2733000000,1028983378.58065,1028108288,1031086080,1028983378.58065,1016270187.35484,1016143872,1016823808,1016270187.35484
2023-06-01 00:00:00 +0000 UTC,2023-07-01 00:00:00 +0000 UTC,2023-06-06 15:30:01 +0000 UTC,2023-06-06 15:45:00 +0000 UTC,stage-index,stage-index-zz5qw,stage-index,Job,stage-index,job,stage,quay.io/stage,ip.ec2.internal,9023750193,9.24,9.24,9.24,9.24,2.96131215755879,1.77032950603558,4.43939021553379,2.96131215755879,0,0,0,2733000000,2733000000,2733000000,2733000000,912225621.333333,911654912,913383424,912225621.333333,901506935.466667,901402624,901836800,901506935.466667
2023-06-01 00:00:00 +0000 UTC,2023-07-01 00:00:00 +0000 UTC,2023-06-06 15:45:01 +0000 UTC,2023-06-06 16:00:00 +0000 UTC,stage-index,stage-index-zz5qw,stage-index,Job,stage-index,job,stage,quay.io/stage,ip.ec2.internal,9023750193,9.24,9.24,9.24,9.24,2.61065450185341,1.27690819380029,3.49885390656224,2.61065450185341,0,0,0,2733000000,2733000000,2733000000,2733000000,1090806817.03226,1089904640,1092444160,1090806817.03226,1077656146.58065,1077547008,1077944320,1077656146.58065
2023-06-01 00:00:00 +0000 UTC,2023-07-01 00:00:00 +0000 UTC,2023-06-06 16:00:01 +0000 UTC,2023-06-06 16:15:00 +0000 UTC,stage-index,stage-index-zz5qw,stage-index,Job,stage-index,job,stage,quay.io/stage,ip.ec2.internal,9023750193,9.24,9.24,9.24,9.24,2.91677588810342,1.23441200059994,4.58410009150393,2.91677588810342,0,0,0,2733000000,2733000000,2733000000,2733000000,1030523342.45161,1030098944,1031114752,1030523342.45161,1016965846.70968,1016815616,1017094144,1016965846.70968
2023-06-01 00:00:00 +0000 UTC,2023-07-01 00:00:00 +0000 UTC,2023-06-06 16:15:01 +0000 UTC,2023-06-06 16:30:00 +0000 UTC,stage-index,stage-index-zz5qw,stage-index,Job,stage-index,job,stage,quay.io/stage,ip.ec2.internal,9023750193,9.24,9.24,9.24,9.24,3.08320635554562,1.5924436007704,3.91221568133527,3.08320635554562,0,0,0,2733000000,2733000000,2733000000,2733000000,913311197.866667,913182720,913559552,913311197.866667,901869294.933333,901812224,901926912,901869294.933333
2023-06-01 00:00:00 +0000 UTC,2023-07-01 00:00:00 +0000 UTC,2023-06-06 16:30:01 +0000 UTC,2023-06-06 16:45:00 +0000 UTC,stage-index,stage-index-zz5qw,stage-index,Job,stage-index,job,stage,quay.io/stage,ip.ec2.internal,9023750193,9.24,9.24,9.24,9.24,2.94063830583667,1.57123415733998,4.40784293056155,2.94063830583667,0,0,0,2733000000,2733000000,2733000000,2733000000,1091565634.06452,1091358720,1091895296,1091565634.06452,1077964007.22581,1077927936,1078009856,1077964007.22581
2023-06-01 00:00:00 +0000 UTC,2023-07-01 00:00:00 +0000 UTC,2023-06-06 16:45:01 +0000 UTC,2023-06-06 17:00:00 +0000 UTC,stage-index,stage-index-zz5qw,stage-index,Job,stage-index,job,stage,quay.io/stage,ip.ec2.internal,9023750193,9.24,9.24,9.24,9.24,3.57127524294554,1.66409873726467,5.22246880306241,3.57127524294554,0,0,0,2733000000,2733000000,2733000000,2733000000,1031143159.74194,1030270976,1033756672,1031143159.74194,1017153734.19355,1016963072,1017643008,1017153734.19355
2023-06-01 00:00:00 +0000 UTC,2023-07-01 00:00:00 +0000 UTC,2023-06-06 17:00:01 +0000 UTC,2023-06-06 17:15:00 +0000 UTC,stage-index,stage-index-zz5qw,stage-index,Job,stage-index,job,stage,quay.io/stage,ip.ec2.internal,9023750193,9.24,9.24,9.24,9.24,3.95663818744218,1.81033459356986,6.89450239693591,3.95663818744218,0,0,0,2733000000,2733000000,2733000000,2733000000,913820740.266667,913289216,915042304,913820740.266667,902129390.933333,901885952,902422528,902129390.933333
2023-06-01 00:00:00 +0000 UTC,2023-07-01 00:00:00 +0000 UTC,2023-06-06 17:15:01 +0000 UTC,2023-06-06 17:30:00 +0000 UTC,stage-index,stage-index-zz5qw,stage-index,Job,stage-index,job,stage,quay.io/stage,ip.ec2.internal,9023750193,9.24,9.24,9.24,9.24,3.64364800660871,1.80749588243198,5.47582578373452,3.64364800660871,0,0,0,2733000000,2733000000,2733000000,2733000000,1092587784.25806,1091584000,1094164480,1092587784.25806,1078432008.25806,1077985280,1078820864,1078432008.25806
2023-06-01 00:00:00 +0000 UTC,2023-07-01 00:00:00 +0000 UTC,2023-06-06 17:30:01 +0000 UTC,2023-06-06 17:45:00 +0000 UTC,stage-index,stage-index-zz5qw,stage-index,Job,stage-index,job,stage,quay.io/stage,ip.ec2.internal,9023750193,9.24,9.24,9.24,9.24,3.38254184999115,1.57589667326926,5.65251978130546,3.38254184999115,0,0,0,2733000000,2733000000,2733000000,2733000000,1030646750.96774,1028837376,1033072640,1030646750.96774,1017056751.48387,1016406016,1017597952,1017056751.48387
2023-06-01 00:00:00 +0000 UTC,2023-07-01 00:00:00 +0000 UTC,2023-06-06 17:45:01 +0000 UTC,2023-06-06 18:00:00 +0000 UTC,stage-index,stage-index-zz5qw,stage-index,Job,stage-index,job,stage,quay.io/stage,ip.ec2.internal,9023750193,9.24,9.24,9.24,9.24,3.79160327823445,1.45315179936588,6.29324173583494,3.79160327823445,0,0,0,2733000000,2733000000,2733000000,2733000000,913465890.133333,912302080,914595840,913465890.133333,902076825.6,901750784,902414336,902076825.6
2023-06-01 00:00:00 +0000 UTC,2023-07-01 00:00:00 +0000 UTC,2023-06-07 18:00:01 +0000 UTC,2023-06-07 18:15:00 +0000 UTC,stage-index,stage-index-zz5qw,stage-index,Job,stage-index,job,stage,quay.io/stage,ip.ec2.internal,9023750193,9.24,9.24,9.24,9.24,3.50951441796238,1.27108631200002,5.57326473433835,3.50951441796238,0,0,0,2733000000,2733000000,2733000000,2733000000,1092385494.70968,1090404352,1094316032,1092385494.70968,1078362904.77419,1077776384,1078915072,1078362904.77419
2023-06-01 00:00:00 +0000 UTC,2023-07-01 00:00:00 +0000 UTC,2023-06-07 18:15:01 +0000 UTC,2023-06-07 18:30:00 +0000 UTC,stage-index,stage-index-zz5qw,stage-index,Job,stage-index,job,stage,quay.io/stage,ip.ec2.internal,9023750193,9.24,9.24,9.24,9.24,2.84684188096888,1.50538354523014,6.5298734461035,2.84684188096888,0,0,0,2733000000,2733000000,2733000000,2733000000,1029973157.16129,1028632576,1034436608,1029973157.16129,1016716783.48387,1016365056,1018363904,1016716783.48387
2023-06-01 00:00:00 +0000 UTC,2023-07-01 00:00:00 +0000 UTC,2023-06-07 18:30:01 +0000 UTC,2023-06-07 18:45:00 +0000 UTC,stage-index,stage-index-zz5qw,stage-index,Job,stage-index,job,stage,quay.io/stage,ip.ec2.internal,9023750193,9.24,9.24,9.24,9.24,3.30092605524671,1.35177669896899,6.59062390936694,3.30092605524671,0,0,0,2733000000,2733000000,2733000000,2733000000,941816627.2,912240640,1089556480,941816627.2,930488046.933333,901771264,1074118656,930488046.933333
2023-06-01 00:00:00 +0000 UTC,2023-07-01 00:00:00 +0000 UTC,2023-06-07 18:45:01 +0000 UTC,2023-06-07 19:00:00 +0000 UTC,stage-index,stage-index-zz5qw,stage-index,Job,stage-index,job,stage,quay.io/stage,ip.ec2.internal,9023750193,9.24,9.24,9.24,9.24,2.95093463681431,1.55430638610075,6.03599073136381,2.95093463681431,0,0,0,2733000000,2733000000,2733000000,2733000000,1095014598.19355,1090465792,1117753344,1095014598.19355,1082168617.29032,1077796864,1104797696,1082168617.29032
2023-06-01 00:00:00 +0000 UTC,2023-07-01 00:00:00 +0000 UTC,2023-06-07 19:00:01 +0000 UTC,2023-06-07 19:15:00 +0000 UTC,stage-index,stage-index-zz5qw,stage-index,Job,stage-index,job,stage,quay.io/stage,ip.ec2.internal,9023750193,9.24,9.24,9.24,9.24,5.23463443678338,3.6678690766062,7.28292435513188,5.23463443678338,0,0,0,2733000000,2733000000,2733000000,2733000000,1031959717.16129,1031176192,1032781824,1031959717.16129,1017835652.12903,1017647104,1018109952,1017835652.12903
2023-06-01 00:00:00 +0000 UTC,2023-07-01 00:00:00 +0000 UTC,2023-06-07 00:00:01 +0000 UTC,2023-06-07 00:15:00 +0000 UTC,stage-index,stage-index-zz5qw,stage-index,Job,stage-index,job,stage,quay.io/stage,ip.ec2.internal,9023750193,9.24,9.24,9.24,9.24,5.53014979861677,3.14924415599865,7.59798533776775,5.53014979861677,0,0,0,2733000000,2733000000,2733000000,2733000000,1087697988.26667,1086943232,1088430080,1087697988.26667,1073710694.4,1073504256,1073893376,1073710694.4
2023-06-01 00:00:00 +0000 UTC,2023-07-01 00:00:00 +0000 UTC,2023-06-07 00:15:01 +0000 UTC,2023-06-07 00:30:00 +0000 UTC,stage-index,stage-index-zz5qw,stage-index,Job,stage-index,job,stage,quay.io/stage,ip.ec2.internal,9023750193,9.24,9.24,9.24,9.24,5.23086412887555,3.0826780607303,7.57285725550416,5.23086412887555,0,0,0,2733000000,2733000000,2733000000,2733000000,1115860859.87097,1115103232,1117417472,1115860859.87097,1104434341.16129,1104322560,1104572416,1104434341.16129
2023-06-01 00:00:00 +0000 UTC,2023-07-01 00:00:00 +0000 UTC,2023-06-07 00:30:01 +0000 UTC,2023-06-07 00:45:00 +0000 UTC,stage-index,stage-index-zz5qw,stage-index,Job,stage-index,job,stage,quay.io/stage,ip.ec2.internal,9023750193,9.24,9.24,9.24,9.24,3.90191385334979,1.85356839506421,6.44872047136693,3.90191385334979,0,0,0,2733000000,2733000000,2733000000,2733000000,1036214800.51613,1031135232,1037590528,1036214800.51613,1019939542.70968,1017745408,1020628992,1019939542.70968
2023-06-01 00:00:00 +0000 UTC,2023-07-01 00:00:00 +0000 UTC,2023-06-07 00:45:01 +0000 UTC,2023-06-07 01:00:00 +0000 UTC,stage-index,stage-index-zz5qw,stage-index,Job,stage-index,job,stage,quay.io/stage,ip.ec2.internal,9023750193,9.24,9.24,9.24,9.24,3.63797856841004,1.29853374923114,6.11286510396749,3.63797856841004,0,0,0,2733000000,2733000000,2733000000,2733000000,1092132590.93333,1087496192,1093328896,1092132590.93333,1075922944,1073774592,1076490240,1075922944
2023-06-01 00:00:00 +0000 UTC,2023-07-01 00:00:00 +0000 UTC,2023-06-07 01:00:01 +0000 UTC,2023-06-07 01:15:00 +0000 UTC,stage-index,stage-index-zz5qw,stage-index,Job,stage-index,job,stage,quay.io/stage,ip.ec2.internal,9023750193,9.24,9.24,9.24,9.24,3.54015295349682,1.60491114096561,7.45547834190074,3.54015295349682,0,0,0,2733000000,2733000000,2733000000,2733000000,1119661947.87097,1115271168,1122553856,1119661947.87097,1106181351.22581,1104359424,1106751488,1106181351.22581
2023-06-01 00:00:00 +0000 UTC,2023-07-01 00:00:00 +0000 UTC,2023-06-07 01:15:01 +0000 UTC,2023-06-07 01:30:00 +0000 UTC,stage-index,stage-index-zz5qw,stage-index,Job,stage-index,job,stage,quay.io/stage,ip.ec2.internal,9023750193,9.24,9.24,9.24,9.24,2.89017926512571,1.32735372496148,4.3304681422965,2.89017926512571,0,0,0,2733000000,2733000000,2733000000,2733000000,1081190598.19355,1037148160,1162080256,1081190598.19355,1064965681.54839,1020555264,1143840768,1064965681.54839
2023-06-01 00:00:00 +0000 UTC,2023-07-01 00:00:00 +0000 UTC,2023-06-07 01:30:01 +0000 UTC,2023-06-07 01:45:00 +0000 UTC,stage-index,stage-index-zz5qw,stage-index,Job,stage-index,job,stage,quay.io/stage,ip.ec2.internal,9023750193,9.24,9.24,9.24,9.24,3.00831296994325,1.32195857010471,4.69038437489265,3.00831296994325,0,0,0,2733000000,2733000000,2733000000,2733000000,1089806062.93333,1084915712,1093562368,1089806062.93333,1074897988.26667,1072660480,1076543488,1074897988.26667
2023-06-01 00:00:00 +0000 UTC,2023-07-01 00:00:00 +0000 UTC,2023-06-07 01:45:01 +0000 UTC,2023-06-07 02:00:00 +0000 UTC,stage-index,stage-index-zz5qw,stage-index,Job,stage-index,job,stage,quay.io/stage,ip.ec2.internal,9023750193,9.24,9.24,9.24,9.24,2.80262875354435,1.65705522483525,3.90741185847049,2.80262875354435,0,0,0,2733000000,2733000000,2733000000,2733000000,1117495560.25806,1112576000,1120956416,1117495560.25806,1105265432.77419,1103052800,1106780160,1105265432.77419
2023-06-01 00:00:00 +0000 UTC,2023-07-01 00:00:00 +0000 UTC,2023-06-07 02:00:01 +0000 UTC,2023-06-07 02:15:00 +0000 UTC,stage-index,stage-index-zz5qw,stage-index,Job,stage-index,job,stage,quay.io/stage,ip.ec2.internal,9023750193,9.24,9.24,9.24,9.24,2.53731874765673,1.06708050633315,3.95558793819509,2.53731874765673,0,0,0,2733000000,2733000000,2733000000,2733000000,1085842861.41935,1084342272,1093906432,1085842861.41935,1071167950.45161,1070698496,1074257920,1071167950.45161
2023-06-01 00:00:00 +0000 UTC,2023-07-01 00:00:00 +0000 UTC,2023-06-07 02:15:01 +0000 UTC,2023-06-07 02:30:00 +0000 UTC,stage-index,stage-index-zz5qw,stage-index,Job,stage-index,job,stage,quay.io/stage,ip.ec2.internal,9023750193,9.24,9.24,9.24,9.24,2.81604135509322,1.70276362940203,4.13892772919498,2.81604135509322,0,0,0,2733000000,2733000000,2733000000,2733000000,1086267255.46667,1084944384,1093140480,1086267255.46667,1073163741.86667,1072680960,1076236288,1073163741.86667
2023-06-01 00:00:00 +0000 UTC,2023-07-01 00:00:00 +0000 UTC,2023-06-07 02:30:01 +0000 UTC,2023-06-07 02:45:00 +0000 UTC,stage-index,stage-index-zz5qw,stage-index,Job,stage-index,job,stage,quay.io/stage,ip.ec2.internal,9023750193,9.24,9.24,9.24,9.24,2.58984593394005,1.39576166137122,3.69286168507145,2.58984593394005,0,0,0,2733000000,2733000000,2733000000,2733000000,1113465360.51613,1111429120,1120780288,1113465360.51613,1103539034.83871,1103060992,1106628608,1103539034.83871
2023-06-01 00:00:00 +0000 UTC,2023-07-01 00:00:00 +0000 UTC,2023-06-07 02:45:01 +0000 UTC,2023-06-07 03:00:00 +0000 UTC,stage-index,stage-index-zz5qw,stage-index,Job,stage-index,job,stage,quay.io/stage,ip.ec2.internal,9023750193,9.24,9.24,9.24,9.24,3.00159729506769,1.50246619353226,4.45723540563292,3.00159729506769,0,0,0,2733000000,2733000000,2733000000,2733000000,1092310841.80645,1089478656,1093398528,1092310841.80645,1074652589.41936,1074331648,1074745344,1074652589.41936
2023-06-01 00:00:00 +0000 UTC,2023-07-01 00:00:00 +0000 UTC,2023-06-07 03:00:01 +0000 UTC,2023-06-07 03:15:00 +0000 UTC,stage-index,stage-index-zz5qw,stage-index,Job,stage-index,job,stage,quay.io/stage,ip.ec2.internal,9023750193,9.24,9.24,9.24,9.24,3.13298806072575,1.28047937856366,4.64449959926618,3.13298806072575,0,0,0,2733000000,2733000000,2733000000,2733000000,1092554342.4,1089949696,1093390336,1092554342.4,1076624315.73333,1076334592,1076707328,1076624315.73333
2023-06-01 00:00:00 +0000 UTC,2023-07-01 00:00:00 +0000 UTC,2023-06-07 03:15:01 +0000 UTC,2023-06-07 03:30:00 +0000 UTC,stage-index,stage-index-zz5qw,stage-index,Job,stage-index,job,stage,quay.io/stage,ip.ec2.internal,9023750193,9.24,9.24,9.24,9.24,3.01202320400548,1.68808705389965,3.97880349186404,3.01202320400548,0,0,0,2733000000,2733000000,2733000000,2733000000,1119906915.09677,1119363072,1120489472,1119906915.09677,1106891148.3871,1106587648,1107030016,1106891148.3871
2023-06-01 00:00:00 +0000 UTC,2023-07-01 00:00:00 +0000 UTC,2023-06-07 03:30:01 +0000 UTC,2023-06-07 03:45:00 +0000 UTC,stage-index,stage-index-zz5qw,stage-index,Job,stage-index,job,stage,quay.io/stage,ip.ec2.internal,9023750193,9.24,9.24,9.24,9.24,3.68980346298777,1.98280614510489,4.91046507582845,3.68980346298777,0,0,0,2733000000,2733000000,2733000000,2733000000,1084049209.80645,1081425920,1089748992,1084049209.80645,1072018200.77419,1070936064,1074782208,1072018200.77419
2023-06-01 00:00:00 +0000 UTC,2023-07-01 00:00:00 +0000 UTC,2023-06-07 03:45:01 +0000 UTC,2023-06-07 04:00:00 +0000 UTC,stage-index,stage-index-zz5qw,stage-index,Job,stage-index,job,stage,quay.io/stage,ip.ec2.internal,9023750193,9.24,9.24,9.24,9.24,4.19070247345656,1.79412802913381,7.26236502836303,4.19070247345656,0,0,0,2733000000,2733000000,2733000000,2733000000,1084004625.06667,1081577472,1090486272,1084004625.06667,1073780872.53333,1072705536,1076690944,1073780872.53333
2023-06-01 00:00:00 +0000 UTC,2023-07-01 00:00:00 +0000 UTC,2023-06-07 04:00:01 +0000 UTC,2023-06-07 04:15:00 +0000 UTC,stage-index,stage-index-zz5qw,stage-index,Job,stage-index,job,stage,quay.io/stage,ip.ec2.internal,9023750193,9.24,9.24,9.24,9.24,3.73221217275778,2.23221565083756,5.50489201743621,3.73221217275778,0,0,0,2733000000,2733000000,2733000000,2733000000,1113948952.77419,1111412736,1121103872,1113948952.77419,1104068872.25806,1102987264,1106980864,1104068872.25806
2023-06-01 00:00:00 +0000 UTC,2023-07-01 00:00:00 +0000 UTC,2023-06-07 04:15:01 +0000 UTC,2023-06-07 04:30:00 +0000 UTC,stage-index,stage-index-zz5qw,stage-index,Job,stage-index,job,stage,quay.io/stage,ip.ec2.internal,9023750193,9.24,9.24,9.24,9.24,3.40786580376431,2.255964492502,5.46312833953028,3.40786580376431,0,0,0,2733000000,2733000000,2733000000,2733000000,1081779629.41936,1080598528,1083314176,1081779629.41936,1070794157.41935,1070407680,1071165440,1070794157.41935
2023-06-01 00:00:00 +0000 UTC,2023-07-01 00:00:00 +0000 UTC,2023-06-07 04:30:01 +0000 UTC,2023-06-07 04:45:00 +0000 UTC,stage-index,stage-index-zz5qw,stage-index,Job,stage-index,job,stage,quay.io/stage,ip.ec2.internal,9023750193,9.24,9.24,9.24,9.24,4.14150193595121,1.40454686897186,5.72961705983616,4.14150193595121,0,0,0,2733000000,2733000000,2733000000,2733000000,1081596859.73333,1081094144,1082417152,1081596859.73333,1072643822.93333,1072467968,1072754688,1072643822.93333
2023-06-01 00:00:00 +0000 UTC,2023-07-01 00:00:00 +0000 UTC,2023-06-07 04:45:01 +0000 UTC,2023-06-07 05:00:00 +0000 UTC,stage-index,stage-index-zz5qw,stage-index,Job,stage-index,job,stage,quay.io/stage,ip.ec2.internal,9023750193,9.24,9.24,9.24,9.24,3.46151445393451,1.54749994350132,4.94516164703139,3.46151445393451,0,0,0,2733000000,2733000000,2733000000,2733000000,1111660213.67742,1110745088,1112956928,1111660213.67742,1102948285.93548,1102692352,1103183872,1102948285.93548
2023-06-01 00:00:00 +0000 UTC,2023-07-01 00:00:00 +0000 UTC,2023-06-07 05:00:01 +0000 UTC,2023-06-07 05:15:00 +0000 UTC,stage-index,stage-index-zz5qw,stage-index,Job,stage-index,job,stage,quay.io/stage,ip.ec2.internal,9023750193,9.24,9.24,9.24,9.24,2.6507822202278,1.40026902579702,4.38586108866148,2.6507822202278,0,0,0,2733000000,2733000000,2733000000,2733000000,1080979984.51613,1080414208,1083269120,1080979984.51613,1070438730.32258,1070399488,1070673920,1070438730.32258
2023-06-01 00:00:00 +0000 UTC,2023-07-01 00:00:00 +0000 UTC,2023-06-07 05:15:01 +0000 UTC,2023-06-07 05:30:00 +0000 UTC,stage-index,stage-index-zz5qw,stage-index,Job,stage-index,job,stage,quay.io/stage,ip.ec2.internal,9023750193,9.24,9.24,9.24,9.24,3.27076509921449,1.64588069603002,5.6704234512678,3.27076509921449,0,0,0,2733000000,2733000000,2733000000,2733000000,1081220437.33333,1080971264,1081802752,1081220437.33333,1072475067.73333,1072443392,1072525312,1072475067.73333
2023-06-01 00:00:00 +0000 UTC,2023-07-01 00:00:00 +0000 UTC,2023-06-07 05:30:01 +0000 UTC,2023-06-07 05:45:00 +0000 UTC,stage-index,stage-index-zz5qw,stage-index,Job,stage-index,job,stage,quay.io/stage,ip.ec2.internal,9023750193,9.24,9.24,9.24,9.24,2.75762053555007,1.25748643866585,5.73228535333959,2.75762053555007,0,0,0,2733000000,2733000000,2733000000,2733000000,1111023351.74194,1110593536,1112510464,1111023351.74194,1102683367.22581,1102626816,1102848000,1102683367.22581
2023-06-01 00:00:00 +0000 UTC,2023-07-01 00:00:00 +0000 UTC,2023-06-07 05:45:01 +0000 UTC,2023-06-07 06:00:00 +0000 UTC,stage-index,stage-index-zz5qw,stage-index,Job,stage-index,job,stage,quay.io/stage,ip.ec2.internal,9023750193,9.24,9.24,9.24,9.24,5.21374448009224,2.17125347810021,8.32215292279919,5.21374448009224,0,0,0,2733000000,2733000000,2733000000,2733000000,1081703390.96774,1081090048,1082990592,1081703390.96774,1070669691.87097,1070608384,1070747648,1070669691.87097
2023-06-01 00:00:00 +0000 UTC,2023-07-01 00:00:00 +0000 UTC,2023-06-07 12:00:01 +0000 UTC,2023-06-07 12:15:00 +0000 UTC,stage-index,stage-index-zz5qw,stage-index,Job,stage-index,job,stage,quay.io/stage,ip.ec2.internal,9023750193,9.24,9.24,9.24,9.24,6.00395965850421,3.20475839486656,8.30734648669604,6.00395965850421,0,0,0,2733000000,2733000000,2733000000,2733000000,1081527773.86667,1081352192,1082241024,1081527773.86667,1072528315.73333,1072508928,1072582656,1072528315.73333
2023-06-01 00:00:00 +0000 UTC,2023-07-01 00:00:00 +0000 UTC,2023-06-07 12:15:01 +0000 UTC,2023-06-07 12:30:00 +0000 UTC,stage-index,stage-index-zz5qw,stage-index,Job,stage-index,job,stage,quay.io/stage,ip.ec2.internal,9023750193,9.24,9.24,9.24,9.24,5.33603566741985,2.7338061333634,6.58922333100345,5.33603566741985,0,0,0,2733000000,2733000000,2733000000,2733000000,1111780715.35484,1111044096,1113600000,1111780715.35484,1102923577.80645,1102807040,1103028224,1102923577.80645
2023-06-01 00:00:00 +0000 UTC,2023-07-01 00:00:00 +0000 UTC,2023-06-07 12:30:01 +0000 UTC,2023-06-07 12:45:00 +0000 UTC,stage-index,stage-index-zz5qw,stage-index,Job,stage-index,job,stage,quay.io/stage,ip.ec2.internal,9023750193,9.24,9.24,9.24,9.24,3.51593683637342,1.37404053133602,6.10223265266977,3.51593683637342,0,0,0,2733000000,2733000000,2733000000,2733000000,1081460537.80645,1081065472,1082761216,1081460537.80645,1070753461.67742,1070616576,1071058944,1070753461.67742
2023-06-01 00:00:00 +0000 UTC,2023-07-01 00:00:00 +0000 UTC,2023-06-07 12:45:01 +0000 UTC,2023-06-07 13:00:00 +0000 UTC,stage-index,stage-index-zz5qw,stage-index,Job,stage-index,job,stage,quay.io/stage,ip.ec2.internal,9023750193,9.24,9.24,9.24,9.24,3.97823058072685,2.02568476220282,8.66947643427023,3.97823058072685,0,0,0,2733000000,2733000000,2733000000,2733000000,1081519172.26667,1081352192,1082298368,1081519172.26667,1072529134.93333,1072508928,1072558080,1072529134.93333
2023-06-01 00:00:00 +0000 UTC,2023-07-01 00:00:00 +0000 UTC,2023-06-07 13:00:01 +0000 UTC,2023-06-07 13:15:00 +0000 UTC,stage-index,stage-index-zz5qw,stage-index,Job,stage-index,job,stage,quay.io/stage,ip.ec2.internal,9023750193,9.24,9.24,9.24,9.24,3.6795988583601,1.81121923240523,6.15258945016346,3.6795988583601,0,0,0,2733000000,2733000000,2733000000,2733000000,1111469287.22581,1111154688,1111941120,1111469287.22581,1102897944.77419,1102856192,1102929920,1102897944.77419
2023-06-01 00:00:00 +0000 UTC,2023-07-01 00:00:00 +0000 UTC,2023-06-07 13:15:01 +0000 UTC,2023-06-07 13:30:00 +0000 UTC,stage-index,stage-index-zz5qw,stage-index,Job,stage-index,job,stage,quay.io/stage,ip.ec2.internal,9023750193,9.24,9.24,9.24,9.24,2.80348497775564,1.08493844606758,4.10065966949333,2.80348497775564,0,0,0,2733000000,2733000000,2733000000,2733000000,1081167607.74194,1080639488,1082327040,1081167607.74194,1070664010.32258,1070448640,1070780416,1070664010.32258
2023-06-01 00:00:00 +0000 UTC,2023-07-01 00:00:00 +0000 UTC,2023-06-07 13:30:01 +0000 UTC,2023-06-07 13:45:00 +0000 UTC,stage-index,stage-index-zz5qw,stage-index,Job,stage-index,job,stage,quay.io/stage,ip.ec2.internal,9023750193,9.24,9.24,9.24,9.24,3.10923955344,1.49347101073557,4.4782059093006,3.10923955344,0,0,0,2733000000,2733000000,2733000000,2733000000,1081414451.2,1081098240,1081954304,1081414451.2,1072505105.06667,1072451584,1072541696,1072505105.06667
2023-06-01 00:00:00 +0000 UTC,2023-07-01 00:00:00 +0000 UTC,2023-06-07 13:45:01 +0000 UTC,2023-06-07 14:00:00 +0000 UTC,stage-index,stage-index-zz5qw,stage-index,Job,stage-index,job,stage,quay.io/stage,ip.ec2.internal,9023750193,9.24,9.24,9.24,9.24,2.89047717174205,1.86075534936972,4.47116436039408,2.89047717174205,0,0,0,2733000000,2733000000,2733000000,2733000000,1111467173.16129,1110872064,1112928256,1111467173.16129,1102930448.51613,1102864384,1103028224,1102930448.51613
2023-06-01 00:00:00 +0000 UTC,2023-07-01 00:00:00 +0000 UTC,2023-06-07 14:00:01 +0000 UTC,2023-06-07 14:15:00 +0000 UTC,stage-index,stage-index-zz5qw,stage-index,Job,stage-index,job,stage,quay.io/stage,ip.ec2.internal,9023750193,9.24,9.24,9.24,9.24,2.57835556641221,1.08180779330432,3.71154149516175,2.57835556641221,0,0,0,2733000000,2733000000,2733000000,2733000000,1081078288.51613,1080324096,1082871808,1081078288.51613,1070411511.74194,1070350336,1070620672,1070411511.74194
2023-06-01 00:00:00 +0000 UTC,2023-07-01 00:00:00 +0000 UTC,2023-06-07 14:15:01 +0000 UTC,2023-06-07 14:30:00 +0000 UTC,stage-index,stage-index-zz5qw,stage-index,Job,stage-index,job,stage,quay.io/stage,ip.ec2.internal,9023750193,9.24,9.24,9.24,9.24,3.20949703073672,1.38860339999665,4.84327157842927,3.20949703073672,0,0,0,2733000000,2733000000,2733000000,2733000000,1081283242.66667,1080983552,1081905152,1081283242.66667,1072501828.26667,1072451584,1072644096,1072501828.26667
2023-06-01 00:00:00 +0000 UTC,2023-07-01 00:00:00 +0000 UTC,2023-06-07 14:30:01 +0000 UTC,2023-06-07 14:45:00 +0000 UTC,stage-index,stage-index-zz5qw,stage-index,Job,stage-index,job,stage,quay.io/stage,ip.ec2.internal,9023750193,9.24,9.24,9.24,9.24,2.67097684332014,0.999264559561076,4.30383768730486,2.67097684332014,0,0,0,2733000000,2733000000,2733000000,2733000000,1111139493.16129,1110757376,1112502272,1111139493.16129,1102889092.12903,1102860288,1103093760,1102889092.12903
2023-06-01 00:00:00 +0000 UTC,2023-07-01 00:00:00 +0000 UTC,2023-06-07 14:45:01 +0000 UTC,2023-06-07 15:00:00 +0000 UTC,stage-index,stage-index-zz5qw,stage-index,Job,stage-index,job,stage,quay.io/stage,ip.ec2.internal,9023750193,9.24,9.24,9.24,9.24,2.98574996435316,1.72470455329555,4.39871932060147,2.98574996435316,0,0,0,2733000000,2733000000,2733000000,2733000000,1081274235.87097,1080975360,1081921536,1081274235.87097,1070632035.09677,1070620672,1070669824,1070632035.09677
2023-06-01 00:00:00 +0000 UTC,2023-07-01 00:00:00 +0000 UTC,2023-06-07 15:00:01 +0000 UTC,2023-06-07 15:15:00 +0000 UTC,stage-index,stage-index-zz5qw,stage-index,Job,stage-index,job,stage,quay.io/stage,ip.ec2.internal,9023750193,9.24,9.24,9.24,9.24,3.15918606809315,1.56571594479804,5.11584564947213,3.15918606809315,0,0,0,2733000000,2733000000,2733000000,2733000000,1081686835.2,1081540608,1082077184,1081686835.2,1072653926.4,1072635904,1072689152,1072653926.4
2023-06-01 00:00:00 +0000 UTC,2023-07-01 00:00:00 +0000 UTC,2023-06-07 15:15:01 +0000 UTC,2023-06-07 15:30:00 +0000 UTC,stage-index,stage-index-zz5qw,stage-index,Job,stage-index,job,stage,quay.io/stage,ip.ec2.internal,9023750193,9.24,9.24,9.24,9.24,3.06968185231995,1.61570009673014,4.96633508950472,3.06968185231995,0,0,0,2733000000,2733000000,2733000000,2733000000,1111656910.45161,1111359488,1112584192,1111656910.45161,1103058613.67742,1103024128,1103110144,1103058613.67742
2023-06-01 00:00:00 +0000 UTC,2023-07-01 00:00:00 +0000 UTC,2023-06-07 15:30:01 +0000 UTC,2023-06-07 15:45:00 +0000 UTC,stage-index,stage-index-zz5qw,stage-index,Job,stage-index,job,stage,quay.io/stage,ip.ec2.internal,9023750193,9.24,9.24,9.24,9.24,3.07929961482891,1.73068163976228,4.27930322673637,3.07929961482891,0,0,0,2733000000,2733000000,2733000000,2733000000,1081601519.48387,1080909824,1083867136,1081601519.48387,1070632167.22581,1070534656,1070747648,1070632167.22581
2023-06-01 00:00:00 +0000 UTC,2023-07-01 00:00:00 +0000 UTC,2023-06-07 15:45:01 +0000 UTC,2023-06-07 16:00:00 +0000 UTC,stage-index,stage-index-zz5qw,stage-index,Job,stage-index,job,stage,quay.io/stage,ip.ec2.internal,9023750193,9.24,9.24,9.24,9.24,3.2879547172001,1.73054581349716,5.2083099101282,3.2879547172001,0,0,0,2733000000,2733000000,2733000000,2733000000,1081617749.33333,1081233408,1082073088,1081617749.33333,1072682052.26667,1072607232,1072746496,1072682052.26667
2023-06-01 00:00:00 +0000 UTC,2023-07-01 00:00:00 +0000 UTC,2023-06-07 16:00:01 +0000 UTC,2023-06-07 16:15:00 +0000 UTC,stage-index,stage-index-zz5qw,stage-index,Job,stage-index,job,stage,quay.io/stage,ip.ec2.internal,9023750193,9.24,9.24,9.24,9.24,3.1452742577533,1.92574055280226,4.60405375643168,3.1452742577533,0,0,0,2733000000,2733000000,2733000000,2733000000,1111589392.51613,1111207936,1112014848,1111589392.51613,1103144233.29032,1103024128,1103347712,1103144233.29032
2023-06-01 00:00:00 +0000 UTC,2023-07-01 00:00:00 +0000 UTC,2023-06-07 16:15:01 +0000 UTC,2023-06-07 16:30:00 +0000 UTC,stage-index,stage-index-zz5qw,stage-index,Job,stage-index,job,stage,quay.io/stage,ip.ec2.internal,9023750193,9.24,9.24,9.24,9.24,2.82276080312776,1.47753680263025,4.46084034516631,2.82276080312776,0,0,0,2733000000,2733000000,2733000000,2733000000,1081451817.29032,1081024512,1083031552,1081451817.29032,1070794421.67742,1070669824,1070907392,1070794421.67742
2023-06-01 00:00:00 +0000 UTC,2023-07-01 00:00:00 +0000 UTC,2023-06-07 16:30:01 +0000 UTC,2023-06-07 16:45:00 +0000 UTC,stage-index,stage-index-zz5qw,stage-index,Job,stage-index,job,stage,quay.io/stage,ip.ec2.internal,9023750193,9.24,9.24,9.24,9.24,3.20175301555673,1.8571729986618,4.73529834573468,3.20175301555673,0,0,0,2733000000,2733000000,2733000000,2733000000,1081701853.86667,1081409536,1082290176,1081701853.86667,1072866099.2,1072689152,1072988160,1072866099.2
2023-06-01 00:00:00 +0000 UTC,2023-07-01 00:00:00 +0000 UTC,2023-06-07 16:45:01 +0000 UTC,2023-06-07 17:00:00 +0000 UTC,stage-index,stage-index-zz5qw,stage-index,Job,stage-index,job,stage,quay.io/stage,ip.ec2.internal,9023750193,9.24,9.24,9.24,9.24,2.90220611108881,2.07632644893602,4.17090743006362,2.90220611108881,0,0,0,2733000000,2733000000,2733000000,2733000000,982556936.258065,928804864,1113530368,982556936.258065,962267598.451613,904491008,1103515648,962267598.451613
2023-06-01 00:00:00 +0000 UTC,2023-07-01 00:00:00 +0000 UTC,2023-06-07 17:00:01 +0000 UTC,2023-06-07 17:15:00 +0000 UTC,stage-index,stage-index-zz5qw,stage-index,Job,stage-index,job,stage,quay.io/stage,ip.ec2.internal,9023750193,9.24,9.24,9.24,9.24,4.63462549453446,1.48207648409686,8.05965903283407,4.63462549453446,0.000200908265517241,0.000200908265517241,0.000200908265517241,2733000000,2733000000,2733000000,2733000000,1084219524.12903,1081077760,1092608000,1084219524.12903,1072745042.58065,1070931968,1078919168,1072745042.58065
2023-06-01 00:00:00 +0000 UTC,2023-07-01 00:00:00 +0000 UTC,2023-06-07 17:15:01 +0000 UTC,2023-06-07 17:30:00 +0000 UTC,stage-index,stage-index-zz5qw,stage-index,Job,stage-index,job,stage,quay.io/stage,ip.ec2.internal,9023750193,9.24,9.24,9.24,9.24,5.07764416654206,1.91004286995934,9.12417652299628,5.07764416654206,0,0,0,2733000000,2733000000,2733000000,2733000000,1083348855.46667,1081716736,1084342272,1083348855.46667,1073702365.86667,1073012736,1074057216,1073702365.86667
2023-06-01 00:00:00 +0000 UTC,2023-07-01 00:00:00 +0000 UTC,2023-06-07 17:30:01 +0000 UTC,2023-06-07 17:45:00 +0000 UTC,stage-index,stage-index-zz5qw,stage-index,Job,stage-index,job,stage,quay.io/stage,ip.ec2.internal,9023750193,9.24,9.24,9.24,9.24,4.44647838311684,1.23456974776927,7.51082014756588,4.44647838311684,0,0,0,2733000000,2733000000,2733000000,2733000000,930600893.935484,928825344,932933632,930600893.935484,905075414.709678,904466432,905420800,905075414.709678
2023-06-01 00:00:00 +0000 UTC,2023-07-01 00:00:00 +0000 UTC,2023-06-07 17:45:01 +0000 UTC,2023-06-07 18:00:00 +0000 UTC,stage-index,stage-index-zz5qw,stage-index,Job,stage-index,job,stage,quay.io/stage,ip.ec2.internal,9023750193,9.24,9.24,9.24,9.24,3.77262763061664,1.3104269864969,6.22903825929388,3.77262763061664,0,0,0,2733000000,2733000000,2733000000,2733000000,1088116802.06452,1085194240,1090719744,1088116802.06452,1073907910.19355,1072869376,1074565120,1073907910.19355
2023-06-01 00:00:00 +0000 UTC,2023-07-01 00:00:00 +0000 UTC,2023-06-06 18:00:01 +0000 UTC,2023-06-06 18:15:00 +0000 UTC,stage-index,stage-index-zz5qw,stage-index,Job,stage-index,job,stage,quay.io/stage,ip.ec2.internal,9023750193,9.24,9.24,9.24,9.24,4.29758407840014,1.7785786134967,8.17590030893528,4.29758407840014,0,0,0,2733000000,2733000000,2733000000,2733000000,1086832640,1083666432,1088696320,1086832640,1075547067.73333,1073991680,1076305920,1075547067.73333
2023-06-01 00:00:00 +0000 UTC,2023-07-01 00:00:00 +0000 UTC,2023-06-06 18:15:01 +0000 UTC,2023-06-06 18:30:00 +0000 UTC,stage-index,stage-index-zz5qw,stage-index,Job,stage-index,job,stage,quay.io/stage,ip.ec2.internal,9023750193,9.24,9.24,9.24,9.24,3.86145788664878,1.48906673286886,6.70407356227127,3.86145788664878,0,0,0,2733000000,2733000000,2733000000,2733000000,933231318.709678,930807808,935215104,933231318.709678,906492762.83871,905302016,907362304,906492762.83871
2023-06-01 00:00:00 +0000 UTC,2023-07-01 00:00:00 +0000 UTC,2023-06-06 18:30:01 +0000 UTC,2023-06-06 18:45:00 +0000 UTC,stage-index,stage-index-zz5qw,stage-index,Job,stage-index,job,stage,quay.io/stage,ip.ec2.internal,9023750193,9.24,9.24,9.24,9.24,2.71387997840893,1.56295297250617,4.27637546360493,2.71387997840893,0,0,0,2733000000,2733000000,2733000000,2733000000,1086258671.48387,1083633664,1089687552,1086258671.48387,1073106679.74194,1072041984,1074569216,1073106679.74194
2023-06-01 00:00:00 +0000 UTC,2023-07-01 00:00:00 +0000 UTC,2023-06-06 18:45:01 +0000 UTC,2023-06-06 19:00:00 +0000 UTC,stage-index,stage-index-zz5qw,stage-index,Job,stage-index,job,stage,quay.io/stage,ip.ec2.internal,9023750193,9.24,9.24,9.24,9.24,3.03907847542988,2.25479516883691,3.94411782070529,3.03907847542988,0,0,0,2733000000,2733000000,2733000000,2733000000,1016251869.86667,945209344,1088524288,1016251869.86667,996658244.266667,917667840,1076334592,996658244.266667
2023-06-01 00:00:00 +0000 UTC,2023-07-01 00:00:00 +0000 UTC,2023-06-06 19:00:01 +0000 UTC,2023-06-06 19:15:00 +0000 UTC,stage-index,stage-index-zz5qw,stage-index,Job,stage-index,job,stage,quay.io/stage,ip.ec2.internal,9023750193,9.24,9.24,9.24,9.24,2.74922739271566,1.57441544790442,4.78762243576348,2.74922739271566,0,0,0,2733000000,2733000000,2733000000,2733000000,931024235.354839,928718848,934305792,931024235.354839,905912848.516129,904916992,907362304,905912848.516129
2023-06-01 00:00:00 +0000 UTC,2023-07-01 00:00:00 +0000 UTC,2023-06-06 19:15:01 +0000 UTC,2023-06-06 19:30:00 +0000 UTC,stage-index,stage-index-zz5qw,stage-index,Job,stage-index,job,stage,quay.io/stage,ip.ec2.internal,9023750193,9.24,9.24,9.24,9.24,2.71352027334558,1.54440712519766,3.6576723753009,2.71352027334558,0,0,0,2733000000,2733000000,2733000000,2733000000,1084247799.74194,1083670528,1085886464,1084247799.74194,1072237138.58065,1072017408,1072373760,1072237138.58065
2023-06-01 00:00:00 +0000 UTC,2023-07-01 00:00:00 +0000 UTC,2023-06-06 19:30:01 +0000 UTC,2023-06-06 19:45:00 +0000 UTC,stage-index,stage-index-zz5qw,stage-index,Job,stage-index,job,stage,quay.io/stage,ip.ec2.internal,9023750193,9.24,9.24,9.24,9.24,2.94036261815785,1.3933244372718,4.71283654646638,2.94036261815785,0,0,0,2733000000,2733000000,2733000000,2733000000,945812957.866667,945348608,946954240,945812957.866667,917797137.066667,917667840,917893120,917797137.066667
2023-06-01 00:00:00 +0000 UTC,2023-07-01 00:00:00 +0000 UTC,2023-06-06 19:45:01 +0000 UTC,2023-06-06 20:00:00 +0000 UTC,stage-index,stage-index-zz5qw,stage-index,Job,stage-index,job,stage,quay.io/stage,ip.ec2.internal,9023750193,9.24,9.24,9.24,9.24,2.80700946081326,1.90898647319991,4.13377982049715,2.80700946081326,0,0,0,2733000000,2733000000,2733000000,2733000000,929203893.677419,928845824,930979840,929203893.677419,905063655.225806,904974336,905089024,905063655.225806
2023-06-01 00:00:00 +0000 UTC,2023-07-01 00:00:00 +0000 UTC,2023-06-06 20:00:01 +0000 UTC,2023-06-06 20:15:00 +0000 UTC,stage-index,stage-index-zz5qw,stage-index,Job,stage-index,job,stage,quay.io/stage,ip.ec2.internal,9023750193,9.24,9.24,9.24,9.24,3.05085290877769,1.32294524762935,4.4371529553008,3.05085290877769,0,0,0,2733000000,2733000000,2733000000,2733000000,1083588211.6129,1082638336,1084559360,1083588211.6129,1071967463.22581,1071681536,1072340992,1071967463.22581
2023-06-01 00:00:00 +0000 UTC,2023-07-01 00:00:00 +0000 UTC,2023-06-06 20:15:01 +0000 UTC,2023-06-06 20:30:00 +0000 UTC,stage-index,stage-index-zz5qw,stage-index,Job,stage-index,job,stage,quay.io/stage,ip.ec2.internal,9023750193,9.24,9.24,9.24,9.24,3.49275978349563,1.30693846310023,5.83300594873726,3.49275978349563,0,0,0,2733000000,2733000000,2733000000,2733000000,944862685.866667,943996928,946069504,944862685.866667,917384396.8,917110784,917798912,917384396.8
2023-06-01 00:00:00 +0000 UTC,2023-07-01 00:00:00 +0000 UTC,2023-06-06 20:30:01 +0000 UTC,2023-06-06 20:45:00 +0000 UTC,stage-index,stage-index-zz5qw,stage-index,Job,stage-index,job,stage,quay.io/stage,ip.ec2.internal,9023750193,9.24,9.24,9.24,9.24,3.09818740039443,1.75470801696647,4.84329413993595,3.09818740039443,0,0,0,2733000000,2733000000,2733000000,2733000000,928182404.129032,927260672,929234944,928182404.129032,904645466.83871,904302592,905084928,904645466.83871
2023-06-01 00:00:00 +0000 UTC,2023-07-01 00:00:00 +0000 UTC,2023-06-06 20:45:01 +0000 UTC,2023-06-06 21:00:00 +0000 UTC,stage-index,stage-index-zz5qw,stage-index,Job,stage-index,job,stage,quay.io/stage,ip.ec2.internal,9023750193,9.24,9.24,9.24,9.24,3.36416505658456,1.50166634583535,5.31005323873833,3.36416505658456,0,0,0,2733000000,2733000000,2733000000,2733000000,1084301444.12903,1082515456,1088729088,1084301444.12903,1072187854.45161,1071648768,1073733632,1072187854.45161
2023-06-01 00:00:00 +0000 UTC,2023-07-01 00:00:00 +0000 UTC,2023-06-06 21:00:01 +0000 UTC,2023-06-06 21:15:00 +0000 UTC,stage-index,stage-index-zz5qw,stage-index,Job,stage-index,job,stage,quay.io/stage,ip.ec2.internal,9023750193,9.24,9.24,9.24,9.24,3.94966087357089,1.8887665738274,5.72758108903654,3.94966087357089,0,0,0,2733000000,2733000000,2733000000,2733000000,945391069.866667,943988736,949153792,945391069.866667,917637666.133333,917110784,918990848,917637666.133333
2023-06-01 00:00:00 +0000 UTC,2023-07-01 00:00:00 +0000 UTC,2023-06-06 21:15:01 +0000 UTC,2023-06-06 21:30:00 +0000 UTC,stage-index,stage-index-zz5qw,stage-index,Job,stage-index,job,stage,quay.io/stage,ip.ec2.internal,9023750193,9.24,9.24,9.24,9.24,3.43697484985227,1.86259581147072,6.10550907406335,3.43697484985227,0,0,0,2733000000,2733000000,2733000000,2733000000,928901318.193548,927354880,932904960,928901318.193548,904776538.83871,904294400,906178560,904776538.83871
2023-06-01 00:00:00 +0000 UTC,2023-07-01 00:00:00 +0000 UTC,2023-06-06 21:30:01 +0000 UTC,2023-06-06 21:45:00 +0000 UTC,stage-index,stage-index-zz5qw,stage-index,Job,stage-index,job,stage,quay.io/stage,ip.ec2.internal,9023750193,9.24,9.24,9.24,9.24,3.87804327548223,2.5259364880699,5.35223115270492,3.87804327548223,0,0,0,2733000000,2733000000,2733000000,2733000000,1085705447.22581,1084813312,1086828544,1085705447.22581,1073341208.77419,1073131520,1073553408,1073341208.77419
2023-06-01 00:00:00 +0000 UTC,2023-07-01 00:00:00 +0000 UTC,2023-06-06 21:45:01 +0000 UTC,2023-06-06 22:00:00 +0000 UTC,stage-index,stage-index-zz5qw,stage-index,Job,stage-index,job,stage,quay.io/stage,ip.ec2.internal,9023750193,9.24,9.24,9.24,9.24,4.24751231715342,2.75479547886644,6.12304377340091,4.24751231715342,0,0,0,2733000000,2733000000,2733000000,2733000000,948066850.133333,947458048,949215232,948066850.133333,918858820.266667,918720512,918999040,918858820.266667
2023-06-01 00:00:00 +0000 UTC,2023-07-01 00:00:00 +0000 UTC,2023-06-06 22:00:01 +0000 UTC,2023-06-06 22:15:00 +0000 UTC,stage-index,stage-index-zz5qw,stage-index,Job,stage-index,job,stage,quay.io/stage,ip.ec2.internal,9023750193,9.24,9.24,9.24,9.24,4.24991067075455,2.37492627493727,6.36302072409696,4.24991067075455,0,0,0,2733000000,2733000000,2733000000,2733000000,961647120.516129,930402304,1168871424,961647120.516129,936279535.483871,905822208,1141342208,936279535.483871
2023-06-01 00:00:00 +0000 UTC,2023-07-01 00:00:00 +0000 UTC,2023-06-06 22:15:01 +0000 UTC,2023-06-06 22:30:00 +0000 UTC,stage-index,stage-index-zz5qw,stage-index,Job,stage-index,job,stage,quay.io/stage,ip.ec2.internal,9023750193,9.24,9.24,9.24,9.24,3.8532126421678,1.68813639103125,5.74991506872854,3.8532126421678,0,0,0,2733000000,2733000000,2733000000,2733000000,1086525572.12903,1084796928,1090453504,1086525572.12903,1073473602.06452,1073078272,1075113984,1073473602.06452
2023-06-01 00:00:00 +0000 UTC,2023-07-01 00:00:00 +0000 UTC,2023-06-06 22:30:01 +0000 UTC,2023-06-06 22:45:00 +0000 UTC,stage-index,stage-index-zz5qw,stage-index,Job,stage-index,job,stage,quay.io/stage,ip.ec2.internal,9023750193,9.24,9.24,9.24,9.24,4.28237274974662,1.6657420704995,5.9972014255356,4.28237274974662,0,0,0,2733000000,2733000000,2733000000,2733000000,947789550.933333,947040256,952590336,947789550.933333,918750958.933333,918421504,920535040,918750958.933333
2023-06-01 00:00:00 +0000 UTC,2023-07-01 00:00:00 +0000 UTC,2023-06-06 22:45:01 +0000 UTC,2023-06-06 23:00:00 +0000 UTC,stage-index,stage-index-zz5qw,stage-index,Job,stage-index,job,stage,quay.io/stage,ip.ec2.internal,9023750193,9.24,9.24,9.24,9.24,3.92398418021,2.23356423017103,5.87465701523082,3.92398418021,0,0,0,2733000000,2733000000,2733000000,2733000000,1166064342.70968,1164771328,1169993728,1166064342.70968,1139739879.22581,1139204096,1141297152,1139739879.22581
2023-06-01 00:00:00 +0000 UTC,2023-07-01 00:00:00 +0000 UTC,2023-06-06 23:00:01 +0000 UTC,2023-06-06 23:15:00 +0000 UTC,stage-index,stage-index-zz5qw,stage-index,Job,stage-index,job,stage,quay.io/stage,ip.ec2.internal,9023750193,9.24,9.24,9.24,9.24,4.06703313341442,2.12678781316305,6.38910922453894,4.06703313341442,0,0,0,2733000000,2733000000,2733000000,2733000000,1086390800.51613,1084764160,1090682880,1086390800.51613,1073504388.12903,1073242112,1074712576,1073504388.12903
2023-06-01 00:00:00 +0000 UTC,2023-07-01 00:00:00 +0000 UTC,2023-06-06 23:15:01 +0000 UTC,2023-06-06 23:30:00 +0000 UTC,stage-index,stage-index-zz5qw,stage-index,Job,stage-index,job,stage,quay.io/stage,ip.ec2.internal,9023750193,9.24,9.24,9.24,9.24,4.49394013483776,2.47334463179577,6.26750334030173,4.49394013483776,0,0,0,2733000000,2733000000,2733000000,2733000000,947766613.333333,947175424,951537664,947766613.333333,918742630.4,918540288,920113152,918742630.4
2023-06-01 00:00:00 +0000 UTC,2023-07-01 00:00:00 +0000 UTC,2023-06-06 23:30:01 +0000 UTC,2023-06-06 23:45:00 +0000 UTC,stage-index,stage-index-zz5qw,stage-index,Job,stage-index,job,stage,quay.io/stage,ip.ec2.internal,9023750193,9.24,9.24,9.24,9.24,4.06895835356088,2.00415778500028,5.99514831513322,4.06895835356088,0,0,0,2733000000,2733000000,2733000000,2733000000,1155392941.41935,1151062016,1166860288,1155392941.41935,1140649059.09677,1139208192,1142173696,1140649059.09677
2023-06-01 00:00:00 +0000 UTC,2023-07-01 00:00:00 +0000 UTC,2023-06-06 23:45:01 +0000 UTC,2023-06-07 00:00:00 +0000 UTC,stage-index,stage-index-zz5qw,stage-index,Job,stage-index,job,stage,quay.io/stage,ip.ec2.internal,9023750193,9.24,9.24,9.24,9.24,4.06718741042772,1.68285396813105,6.0019614633716,4.06718741042772,0,0,0,2733000000,2733000000,2733000000,2733000000,1038168196.12903,979574784,1086464000,1038168196.12903,1011226690.06452,935575552,1073520640,1011226690.06452
2023-06-01 00:00:00 +0000 UTC,2023-07-01 00:00:00 +0000 UTC,2023-06-06 09:45:01 +0000 UTC,2023-06-06 10:00:00 +0000 UTC,stage-index,stage-index-zz5qw,stage-index,Job,stage-index,job,stage,quay.io/stage,ip.ec2.internal,9023750193,9.24,9.24,9.24,9.24,4.58821870530904,2.38522207376858,6.77622975213453,4.58821870530904,0,0,0,2733000000,2733000000,2733000000,2733000000,939973427.2,908247040,948502528,939973427.2,913108718.933333,890228736,918937600,913108718.933333
2023-06-01 00:00:00 +0000 UTC,2023-07-01 00:00:00 +0000 UTC,2023-06-06 10:00:01 +0000 UTC,2023-06-06 10:15:00 +0000 UTC,stage-index,stage-index-zz5qw,stage-index,Job,stage-index,job,stage,quay.io/stage,ip.ec2.internal,9023750193,9.24,9.24,9.24,9.24,4.13467192042904,2.29149383832701,6.44584933543423,4.13467192042904,0,0,0,2733000000,2733000000,2733000000,2733000000,1152310635.35484,1151569920,1153736704,1152310635.35484,1142131546.83871,1141977088,1142587392,1142131546.83871
2023-06-01 00:00:00 +0000 UTC,2023-07-01 00:00:00 +0000 UTC,2023-06-06 10:15:01 +0000 UTC,2023-06-06 10:30:00 +0000 UTC,stage-index,stage-index-zz5qw,stage-index,Job,stage-index,job,stage,quay.io/stage,ip.ec2.internal,9023750193,9.24,9.24,9.24,9.24,2.88311746698106,1.17546411207101,5.29763108439899,2.88311746698106,0,0,0,2733000000,2733000000,2733000000,2733000000,978187561.290323,975781888,981463040,978187561.290323,934670071.741936,933814272,935727104,934670071.741936
2023-06-01 00:00:00 +0000 UTC,2023-07-01 00:00:00 +0000 UTC,2023-06-06 10:30:01 +0000 UTC,2023-06-06 10:45:00 +0000 UTC,stage-index,stage-index-zz5qw,stage-index,Job,stage-index,job,stage,quay.io/stage,ip.ec2.internal,9023750193,9.24,9.24,9.24,9.24,3.30553850451329,1.5052287784017,5.64942463669771,3.30553850451329,0,0,0,2733000000,2733000000,2733000000,2733000000,906916522.666667,905330688,909156352,906916522.666667,889504563.2,888852480,890441728,889504563.2
2023-06-01 00:00:00 +0000 UTC,2023-07-01 00:00:00 +0000 UTC,2023-06-06 10:45:01 +0000 UTC,2023-06-06 11:00:00 +0000 UTC,stage-index,stage-index-zz5qw,stage-index,Job,stage-index,job,stage,quay.io/stage,ip.ec2.internal,9023750193,9.24,9.24,9.24,9.24,2.94074659064335,1.29029074926705,5.1488607986675,2.94074659064335,0,0,0,2733000000,2733000000,2733000000,2733000000,1150190492.90323,1148137472,1152692224,1150190492.90323,1141206643.6129,1140355072,1142292480,1141206643.6129
2023-06-01 00:00:00 +0000 UTC,2023-07-01 00:00:00 +0000 UTC,2023-06-06 11:00:01 +0000 UTC,2023-06-06 11:15:00 +0000 UTC,stage-index,stage-index-zz5qw,stage-index,Job,stage-index,job,stage,quay.io/stage,ip.ec2.internal,9023750193,9.24,9.24,9.24,9.24,2.6754900296167,0.881263321700196,4.69805425459829,2.6754900296167,0,0,0,2733000000,2733000000,2733000000,2733000000,981525272.774194,975831040,986054656,981525272.774194,936218888.258065,933777408,938258432,936218888.258065
2023-06-01 00:00:00 +0000 UTC,2023-07-01 00:00:00 +0000 UTC,2023-06-06 11:15:01 +0000 UTC,2023-06-06 11:30:00 +0000 UTC,stage-index,stage-index-zz5qw,stage-index,Job,stage-index,job,stage,quay.io/stage,ip.ec2.internal,9023750193,9.24,9.24,9.24,9.24,2.8608583221256,1.27077850886465,3.7689227494644,2.8608583221256,0,0,0,2733000000,2733000000,2733000000,2733000000,910822331.733334,905326592,915140608,910822331.733334,891287278.933333,888852480,893177856,891287278.933333
2023-06-01 00:00:00 +0000 UTC,2023-07-01 00:00:00 +0000 UTC,2023-06-06 11:30:01 +0000 UTC,2023-06-06 11:45:00 +0000 UTC,stage-index,stage-index-zz5qw,stage-index,Job,stage-index,job,stage,quay.io/stage,ip.ec2.internal,9023750193,9.24,9.24,9.24,9.24,2.65716713313893,1.1075849418606,4.22755589403678,2.65716713313893,0,0,0,2733000000,2733000000,2733000000,2733000000,965637813.677419,832270336,1150844928,965637813.677419,946813126.193548,805777408,1140342784,946813126.193548
2023-06-01 00:00:00 +0000 UTC,2023-07-01 00:00:00 +0000 UTC,2023-06-06 11:45:01 +0000 UTC,2023-06-06 12:00:00 +0000 UTC,stage-index,stage-index-zz5qw,stage-index,Job,stage-index,job,stage,quay.io/stage,ip.ec2.internal,9023750193,9.24,9.24,9.24,9.24,2.78326032360447,1.31774850677078,4.35630491802779,2.78326032360447,0,0,0,2733000000,2733000000,2733000000,2733000000,981245687.741935,977100800,986193920,981245687.741935,936166697.290323,934342656,938299392,936166697.290323
