experiment_name,namespace,type,name,container_name,timezone,cpuUsage_sum,cpuUsage_avg,cpuUsage_max,cpuUsage_min,cpuThrottle_sum,cpuThrottle_avg,cpuThrottle_max,cpuRequest_sum,cpuRequest_avg,cpuLimit_sum,cpuLimit_avg,memoryRSS_sum,memoryRSS_avg,memoryRSS_max,memoryRSS_min,memoryUsage_sum,memoryUsage_avg,memoryUsage_max,memoryUsage_min,memoryRequest_sum,memoryRequest_avg,memoryLimit_sum,memoryLimit_avg,cost_short_term_cpu_requests,cost_short_term_memory_requests,cost_short_term_cpu_limits,cost_short_term_memory_limits,cost_medium_term_cpu_requests,cost_medium_term_memory_requests,cost_medium_term_cpu_limits,cost_medium_term_memory_limits,cost_long_term_cpu_requests,cost_long_term_memory_requests,cost_long_term_cpu_limits,cost_long_term_memory_limits,cost_short_term_cpu_requests_variation,cost_short_term_memory_requests_variation,cost_short_term_cpu_limits_variation,cost_short_term_memory_limits_variation,cost_medium_term_cpu_requests_variation,cost_medium_term_memory_requests_variation,cost_medium_term_cpu_limits_variation,cost_medium_term_memory_limits_variation,cost_long_term_cpu_requests_variation,cost_long_term_memory_requests_variation,cost_long_term_cpu_limits_variation,cost_long_term_memory_limits_variation,performance_short_term_cpu_requests,performance_short_term_memory_requests,performance_short_term_cpu_limits,performance_short_term_memory_limits,performance_medium_term_cpu_requests,performance_medium_term_memory_requests,performance_medium_term_cpu_limits,performance_medium_term_memory_limits,performance_long_term_cpu_requests,performance_long_term_memory_requests,performance_long_term_cpu_limits,performance_long_term_memory_limits,performance_short_term_cpu_requests_variation,performance_short_term_memory_requests_variation,performance_short_term_cpu_limits_variation,performance_short_term_memory_limits_variation,performance_medium_term_cpu_requests_variation,performance_medium_term_memory_requests_variation,performance_medium_term_cpu_limits_variation,performance_medium_term_memory_limits_variation,performance_long_term_cpu_requests_variation,performance_long_term_memory_requests_variation,performance_long_term_cpu_limits_variation,performance_long_term_memory_limits_variation,cpuUsage_format,memoryUsage_format
stage-index|stage-index|job|stage|e23-alias,stage,job,stage-index,stage-index,2023-06-06T10:00:00.000Z,4.58821870530904,4.58821870530904,6.77622975213453,2.38522207376858,0.0,0.0,0.0,9.24,9.24,9.24,9.24,870.808333333333,870.808333333333,876.3671875,848.98828125,896.428515625,896.428515625,904.5625,866.171875,2606.3919067382812,2606.3919067382812,2606.3919067382812,2606.3919067382812,,,,,,,,,,,,,,,,,,,,,,,,,,,,,,,,,,,,,,,,,,,,,,,,,cores,MiB
stage-index|stage-index|job|stage|e23-alias,stage,job,stage-index,stage-index,2023-06-06T10:15:00.000Z,4.13467192042904,4.13467192042904,6.44584933543423,2.29149383832701,0.0,0.0,0.0,9.24,9.24,9.24,9.24,1089.2215221774197,1089.2215221774197,1089.65625,1089.07421875,1098.9290574596787,1098.9290574596787,1100.2890625,1098.22265625,2606.3919067382812,2606.3919067382812,2606.3919067382812,2606.3919067382812,6.77622975213453,1141.2390625,6.77622975213453,1141.2390625,,,,,,,,,-2.4637702478654706,-1465.1528442382812,-2.4637702478654706,-1465.1528442382812,,,,,,,,,6.77622975213453,1141.2390625,6.77622975213453,1141.2390625,,,,,,,,,-2.4637702478654706,-1465.1528442382812,-2.4637702478654706,-1465.1528442382812,,,,,,,,,cores,MiB
stage-index|stage-index|job|stage|e23-alias,stage,job,stage-index,stage-index,2023-06-06T10:30:00.000Z,2.88311746698106,2.88311746698106,5.29763108439899,1.17546411207101,0.0,0.0,0.0,9.24,9.24,9.24,9.24,891.3708417338714,891.3708417338714,892.37890625,890.5546875,932.8723538306456,932.8723538306456,935.99609375,930.578125,2606.3919067382812,2606.3919067382812,2606.3919067382812,2606.3919067382812,6.44584933543423,1141.2390625,6.44584933543423,1141.2390625,,,,,,,,,-2.7941506645657705,-1465.1528442382812,-2.7941506645657705,-1465.1528442382812,,,,,,,,,6.77622975213453,1141.2390625,6.77622975213453,1141.2390625,,,,,,,,,-2.4637702478654706,-1465.1528442382812,-2.4637702478654706,-1465.1528442382812,,,,,,,,,cores,MiB
stage-index|stage-index|job|stage|e23-alias,stage,job,stage-index,stage-index,2023-06-06T10:45:00.000Z,3.30553850451329,3.30553850451329,5.64942463669771,1.5052287784017,0.0,0.0,0.0,9.24,9.24,9.24,9.24,848.29765625,848.29765625,849.19140625,847.67578125,864.902994791667,864.902994791667,867.0390625,863.390625,2606.3919067382812,2606.3919067382812,2606.3919067382812,2606.3919067382812,6.44584933543423,1141.2390625,6.44584933543423,1141.2390625,,,,,,,,,-2.7941506645657705,-1465.1528442382812,-2.7941506645657705,-1465.1528442382812,,,,,,,,,6.77622975213453,1141.2390625,6.77622975213453,1141.2390625,,,,,,,,,-2.4637702478654706,-1465.1528442382812,-2.4637702478654706,-1465.1528442382812,,,,,,,,,cores,MiB
stage-index|stage-index|job|stage|e23-alias,stage,job,stage-index,stage-index,2023-06-06T11:00:00.000Z,2.94074659064335,2.94074659064335,5.1488607986675,1.29029074926705,0.0,0.0,0.0,9.24,9.24,9.24,9.24,1088.3394657258034,1088.3394657258034,1089.375,1087.52734375,1096.9071320564556,1096.9071320564556,1099.29296875,1094.94921875,2606.3919067382812,2606.3919067382812,2606.3919067382812,2606.3919067382812,5.64942463669771,1141.2390625,5.64942463669771,1141.2390625,,,,,,,,,-3.59057536330229,-1465.1528442382812,-3.59057536330229,-1465.1528442382812,,,,,,,,,6.77622975213453,1141.2390625,6.77622975213453,1141.2390625,,,,,,,,,-2.4637702478654706,-1465.1528442382812,-2.4637702478654706,-1465.1528442382812,,,,,,,,,cores,MiB
stage-index|stage-index|job|stage|e23-alias,stage,job,stage-index,stage-index,2023-06-06T11:15:00.000Z,2.6754900296167,2.6754900296167,4.69805425459829,0.881263321700196,0.0,0.0,0.0,9.24,9.24,9.24,9.24,892.8479082661295,892.8479082661295,894.79296875,890.51953125,936.0554435483875,936.0554435483875,940.375,930.625,2606.3919067382812,2606.3919067382812,2606.3919067382812,2606.3919067382812,5.64942463669771,1141.2390625,5.64942463669771,1141.2390625,,,,,,,,,-3.59057536330229,-1465.1528442382812,-3.59057536330229,-1465.1528442382812,,,,,,,,,6.77622975213453,1141.2390625,6.77622975213453,1141.2390625,,,,,,,,,-2.4637702478654706,-1465.1528442382812,-2.4637702478654706,-1465.1528442382812,,,,,,,,,cores,MiB
stage-index|stage-index|job|stage|e23-alias,stage,job,stage-index,stage-index,2023-06-06T11:30:00.000Z,2.8608583221256,2.8608583221256,3.7689227494644,1.27077850886465,0.0,0.0,0.0,9.24,9.24,9.24,9.24,849.997786458333,849.997786458333,851.80078125,847.67578125,868.6278645833339,868.6278645833339,872.74609375,863.38671875,2606.3919067382812,2606.3919067382812,2606.3919067382812,2606.3919067382812,5.64942463669771,1141.2390625,5.64942463669771,1141.2390625,,,,,,,,,-3.59057536330229,-1465.1528442382812,-3.59057536330229,-1465.1528442382812,,,,,,,,,6.77622975213453,1141.2390625,6.77622975213453,1141.2390625,,,,,,,,,-2.4637702478654706,-1465.1528442382812,-2.4637702478654706,-1465.1528442382812,,,,,,,,,cores,MiB
stage-index|stage-index|job|stage|e23-alias,stage,job,stage-index,stage-index,2023-06-06T11:45:00.000Z,2.65716713313893,2.65716713313893,4.22755589403678,1.1075849418606,0.0,0.0,0.0,9.24,9.24,9.24,9.24,902.9513608870964,902.9513608870964,1087.515625,768.44921875,920.9039818548383,920.9039818548383,1097.53125,793.71484375,2606.3919067382812,2606.3919067382812,2606.3919067382812,2606.3919067382812,5.29763108439899,1320.346875,5.29763108439899,1320.346875,,,,,,,,,-3.94236891560101,-1286.0450317382813,-3.94236891560101,-1286.0450317382813,,,,,,,,,6.77622975213453,1320.346875,6.77622975213453,1320.346875,,,,,,,,,-2.4637702478654706,-1286.0450317382813,-2.4637702478654706,-1286.0450317382813,,,,,,,,,cores,MiB
stage-index|stage-index|job|stage|e23-alias,stage,job,stage-index,stage-index,2023-06-06T12:00:00.000Z,2.78326032360447,2.78326032360447,4.35630491802779,1.31774850677078,0.0,0.0,0.0,9.24,9.24,9.24,9.24,892.7981350806456,892.7981350806456,894.83203125,891.05859375,935.7888104838705,935.7888104838705,940.5078125,931.8359375,2606.3919067382812,2606.3919067382812,2606.3919067382812,2606.3919067382812,5.29763108439899,1320.346875,5.29763108439899,1320.346875,,,,,,,,,-3.94236891560101,-1286.0450317382813,-3.94236891560101,-1286.0450317382813,,,,,,,,,6.77622975213453,1320.346875,6.77622975213453,1320.346875,,,,,,,,,-2.4637702478654706,-1286.0450317382813,-2.4637702478654706,-1286.0450317382813,,,,,,,,,cores,MiB
stage-index|stage-index|job|stage|e23-alias,stage,job,stage-index,stage-index,2023-06-06T12:15:00.000Z,3.25786979102659,3.25786979102659,5.50364672606035,1.60475617676663,0.0,0.0,0.0,9.24,9.24,9.24,9.24,1027.9056199596787,1027.9056199596787,1028.27734375,1027.51953125,1042.4460685483837,1042.4460685483837,1055.50390625,1039.16015625,2606.3919067382812,2606.3919067382812,2606.3919067382812,2606.3919067382812,5.29763108439899,1320.346875,5.29763108439899,1320.346875,,,,,,,,,-3.94236891560101,-1286.0450317382813,-3.94236891560101,-1286.0450317382813,,,,,,,,,6.77622975213453,1320.346875,6.77622975213453,1320.346875,,,,,,,,,-2.4637702478654706,-1286.0450317382813,-2.4637702478654706,-1286.0450317382813,,,,,,,,,cores,MiB
stage-index|stage-index|job|stage|e23-alias,stage,job,stage-index,stage-index,2023-06-06T12:30:00.000Z,3.10468609927119,3.10468609927119,6.8924898486274,1.5030567946999,0.0,0.0,0.0,9.24,9.24,9.24,9.24,979.5221774193573,979.5221774193573,979.84765625,979.421875,989.8165322580624,989.8165322580624,991.8671875,988.79296875,2606.3919067382812,2606.3919067382812,2606.3919067382812,2606.3919067382812,5.50364672606035,1320.346875,5.50364672606035,1320.346875,,,,,,,,,-3.73635327393965,-1286.0450317382813,-3.73635327393965,-1286.0450317382813,,,,,,,,,6.8924898486274,1320.346875,6.8924898486274,1320.346875,,,,,,,,,-2.3475101513726004,-1286.0450317382813,-2.3475101513726004,-1286.0450317382813,,,,,,,,,cores,MiB
stage-index|stage-index|job|stage|e23-alias,stage,job,stage-index,stage-index,2023-06-06T12:45:00.000Z,3.46278171851895,3.46278171851895,6.73433733466858,1.14433201487021,0.0,0.0,0.0,9.24,9.24,9.24,9.24,859.683463541667,859.683463541667,859.890625,859.61328125,869.791666666667,869.791666666667,870.8046875,869.35546875,2606.3919067382812,2606.3919067382812,2606.3919067382812,2606.3919067382812,5.64942463669771,1320.346875,5.64942463669771,1320.346875,,,,,,,,,-3.59057536330229,-1286.0450317382813,-3.59057536330229,-1286.0450317382813,,,,,,,,,6.8924898486274,1320.346875,6.8924898486274,1320.346875,,,,,,,,,-2.3475101513726004,-1286.0450317382813,-2.3475101513726004,-1286.0450317382813,,,,,,,,,cores,MiB
stage-index|stage-index|job|stage|e23-alias,stage,job,stage-index,stage-index,2023-06-06T13:00:00.000Z,3.05288540789676,3.05288540789676,5.98285702836389,1.62385402696673,0.0,0.0,0.0,9.24,9.24,9.24,9.24,1027.5921118951608,1027.5921118951608,1027.9296875,1027.47265625,1039.8185483870984,1039.8185483870984,1040.91796875,1039.2265625,2606.3919067382812,2606.3919067382812,2606.3919067382812,2606.3919067382812,5.64942463669771,1320.346875,5.64942463669771,1320.346875,,,,,,,,,-3.59057536330229,-1286.0450317382813,-3.59057536330229,-1286.0450317382813,,,,,,,,,6.8924898486274,1320.346875,6.8924898486274,1320.346875,,,,,,,,,-2.3475101513726004,-1286.0450317382813,-2.3475101513726004,-1286.0450317382813,,,,,,,,,cores,MiB
stage-index|stage-index|job|stage|e23-alias,stage,job,stage-index,stage-index,2023-06-06T13:15:00.000Z,5.29807851959227,5.29807851959227,7.43509224223284,2.4202256243676,0.0,0.0,0.0,9.24,9.24,9.24,9.24,973.6498235887051,973.6498235887051,980.12109375,969.58203125,985.7247983870983,985.7247983870983,991.9765625,981.91796875,2606.3919067382812,2606.3919067382812,2606.3919067382812,2606.3919067382812,5.98285702836389,1320.346875,5.98285702836389,1320.346875,,,,,,,,,-3.25714297163611,-1286.0450317382813,-3.25714297163611,-1286.0450317382813,,,,,,,,,7.43509224223284,1320.346875,7.43509224223284,1320.346875,,,,,,,,,-1.8049077577671602,-1286.0450317382813,-1.8049077577671602,-1286.0450317382813,,,,,,,,,cores,MiB
stage-index|stage-index|job|stage|e23-alias,stage,job,stage-index,stage-index,2023-06-06T13:30:00.000Z,5.83088314571211,5.83088314571211,9.33304236559973,2.31914890406188,0.0,0.0,0.0,9.24,9.24,9.24,9.24,859.794401041667,859.794401041667,859.84375,859.74609375,870.340625,870.340625,870.9921875,870.08984375,2606.3919067382812,2606.3919067382812,2606.3919067382812,2606.3919067382812,5.98285702836389,1320.346875,5.98285702836389,1320.346875,,,,,,,,,-3.25714297163611,-1286.0450317382813,-3.25714297163611,-1286.0450317382813,,,,,,,,,9.33304236559973,1320.346875,9.33304236559973,1320.346875,,,,,,,,,0.09304236559973056,-1286.0450317382813,0.09304236559973056,-1286.0450317382813,,,,,,,,,cores,MiB
stage-index|stage-index|job|stage|e23-alias,stage,job,stage-index,stage-index,2023-06-06T13:45:00.000Z,5.32320655564234,5.32320655564234,6.35983107443123,4.23515320476921,0.0,0.0,0.0,9.24,9.24,9.24,9.24,1027.8441280241966,1027.8441280241966,1027.94140625,1027.79296875,1040.5948840725803,1040.5948840725803,1043.4921875,1040.09765625,2606.3919067382812,2606.3919067382812,2606.3919067382812,2606.3919067382812,6.35983107443123,1320.346875,6.35983107443123,1320.346875,,,,,,,,,-2.8801689255687704,-1286.0450317382813,-2.8801689255687704,-1286.0450317382813,,,,,,,,,9.33304236559973,1320.346875,9.33304236559973,1320.346875,,,,,,,,,0.09304236559973056,-1286.0450317382813,0.09304236559973056,-1286.0450317382813,,,,,,,,,cores,MiB
stage-index|stage-index|job|stage|e23-alias,stage,job,stage-index,stage-index,2023-06-06T14:00:00.000Z,3.38448540275787,3.38448540275787,6.34441309859976,1.64461268543576,0.0,0.0,0.0,9.24,9.24,9.24,9.24,969.8324092741966,969.8324092741966,969.92578125,969.69140625,982.7394153225804,982.7394153225804,983.44140625,982.17578125,2606.3919067382812,2606.3919067382812,2606.3919067382812,2606.3919067382812,6.35983107443123,1320.346875,6.35983107443123,1320.346875,,,,,,,,,-2.8801689255687704,-1286.0450317382813,-2.8801689255687704,-1286.0450317382813,,,,,,,,,9.33304236559973,1320.346875,9.33304236559973,1320.346875,,,,,,,,,0.09304236559973056,-1286.0450317382813,0.09304236559973056,-1286.0450317382813,,,,,,,,,cores,MiB
stage-index|stage-index|job|stage|e23-alias,stage,job,stage-index,stage-index,2023-06-06T14:15:00.000Z,3.5101640262923,3.5101640262923,6.31353690646744,1.70116155740495,0.0,0.0,0.0,9.24,9.24,9.24,9.24,859.933072916666,859.933072916666,859.98828125,859.75390625,870.744661458333,870.744661458333,871.12109375,870.08984375,2606.3919067382812,2606.3919067382812,2606.3919067382812,2606.3919067382812,6.34441309859976,1320.346875,6.34441309859976,1320.346875,,,,,,,,,-2.8955869014002404,-1286.0450317382813,-2.8955869014002404,-1286.0450317382813,,,,,,,,,9.33304236559973,1320.346875,9.33304236559973,1320.346875,,,,,,,,,0.09304236559973056,-1286.0450317382813,0.09304236559973056,-1286.0450317382813,,,,,,,,,cores,MiB
stage-index|stage-index|job|stage|e23-alias,stage,job,stage-index,stage-index,2023-06-06T14:30:00.000Z,3.34558280157883,3.34558280157883,6.66955246189609,1.89044552589767,0.0,0.0,0.0,9.24,9.24,9.24,9.24,1027.9288054435444,1027.9288054435444,1027.95703125,1027.83203125,1040.930695564518,1040.930695564518,1041.46875,1040.40625,2606.3919067382812,2606.3919067382812,2606.3919067382812,2606.3919067382812,6.35983107443123,1320.346875,6.35983107443123,1320.346875,,,,,,,,,-2.8801689255687704,-1286.0450317382813,-2.8801689255687704,-1286.0450317382813,,,,,,,,,9.33304236559973,1320.346875,9.33304236559973,1320.346875,,,,,,,,,0.09304236559973056,-1286.0450317382813,0.09304236559973056,-1286.0450317382813,,,,,,,,,cores,MiB
stage-index|stage-index|job|stage|e23-alias,stage,job,stage-index,stage-index,2023-06-06T14:45:00.000Z,2.6857525555611,2.6857525555611,3.72478972010625,1.56624286030419,0.0,0.0,0.0,9.24,9.24,9.24,9.24,969.5269657258034,969.5269657258034,969.87109375,969.08984375,982.0782510080624,982.0782510080624,984.4609375,980.76953125,2606.3919067382812,2606.3919067382812,2606.3919067382812,2606.3919067382812,6.34441309859976,1320.346875,6.34441309859976,1320.346875,,,,,,,,,-2.8955869014002404,-1286.0450317382813,-2.8955869014002404,-1286.0450317382813,,,,,,,,,9.33304236559973,1320.346875,9.33304236559973,1320.346875,,,,,,,,,0.09304236559973056,-1286.0450317382813,0.09304236559973056,-1286.0450317382813,,,,,,,,,cores,MiB
stage-index|stage-index|job|stage|e23-alias,stage,job,stage-index,stage-index,2023-06-06T15:00:00.000Z,3.00904598902109,3.00904598902109,4.30222740683239,1.55076105366461,0.0,0.0,0.0,9.24,9.24,9.24,9.24,859.825260416667,859.825260416667,859.98828125,859.64453125,870.280338541667,870.280338541667,871.01171875,869.5546875,2606.3919067382812,2606.3919067382812,2606.3919067382812,2606.3919067382812,6.34441309859976,1320.346875,6.34441309859976,1320.346875,,,,,,,,,-2.8955869014002404,-1286.0450317382813,-2.8955869014002404,-1286.0450317382813,,,,,,,,,9.33304236559973,1320.346875,9.33304236559973,1320.346875,,,,,,,,,0.09304236559973056,-1286.0450317382813,0.09304236559973056,-1286.0450317382813,,,,,,,,,cores,MiB
stage-index|stage-index|job|stage|e23-alias,stage,job,stage-index,stage-index,2023-06-06T15:15:00.000Z,2.76017537470778,2.76017537470778,4.08485443213334,1.34519061303387,0.0,0.0,0.0,9.24,9.24,9.24,9.24,1027.8254788306426,1027.8254788306426,1027.96484375,1027.64453125,1040.4552671370984,1040.4552671370984,1041.23828125,1039.421875,2606.3919067382812,2606.3919067382812,2606.3919067382812,2606.3919067382812,6.34441309859976,1320.346875,6.34441309859976,1320.346875,,,,,,,,,-2.8955869014002404,-1286.0450317382813,-2.8955869014002404,-1286.0450317382813,,,,,,,,,9.33304236559973,1320.346875,9.33304236559973,1320.346875,,,,,,,,,0.09304236559973056,-1286.0450317382813,0.09304236559973056,-1286.0450317382813,,,,,,,,,cores,MiB
stage-index|stage-index|job|stage|e23-alias,stage,job,stage-index,stage-index,2023-06-06T15:30:00.000Z,2.56921030097098,2.56921030097098,3.75963582130304,1.45696426849657,0.0,0.0,0.0,9.24,9.24,9.24,9.24,969.1907762096787,969.1907762096787,969.71875,969.0703125,981.3150201612949,981.3150201612949,983.3203125,980.48046875,2606.3919067382812,2606.3919067382812,2606.3919067382812,2606.3919067382812,6.31353690646744,1320.346875,6.31353690646744,1320.346875,,,,,,,,,-2.9264630935325604,-1286.0450317382813,-2.9264630935325604,-1286.0450317382813,,,,,,,,,9.33304236559973,1320.346875,9.33304236559973,1320.346875,,,,,,,,,0.09304236559973056,-1286.0450317382813,0.09304236559973056,-1286.0450317382813,,,,,,,,,cores,MiB
stage-index|stage-index|job|stage|e23-alias,stage,job,stage-index,stage-index,2023-06-06T15:45:00.000Z,2.96131215755879,2.96131215755879,4.43939021553379,1.77032950603558,0.0,0.0,0.0,9.24,9.24,9.24,9.24,859.744010416667,859.744010416667,860.05859375,859.64453125,869.966145833333,869.966145833333,871.0703125,869.421875,2606.3919067382812,2606.3919067382812,2606.3919067382812,2606.3919067382812,6.31353690646744,1320.346875,6.31353690646744,1320.346875,,,,,,,,,-2.9264630935325604,-1286.0450317382813,-2.9264630935325604,-1286.0450317382813,,,,,,,,,9.33304236559973,1320.346875,9.33304236559973,1320.346875,,,,,,,,,0.09304236559973056,-1286.0450317382813,0.09304236559973056,-1286.0450317382813,,,,,,,,,cores,MiB
stage-index|stage-index|job|stage|e23-alias,stage,job,stage-index,stage-index,2023-06-06T16:00:00.000Z,2.61065450185341,2.61065450185341,3.49885390656224,1.27690819380029,0.0,0.0,0.0,9.24,9.24,9.24,9.24,1027.732988911295,1027.732988911295,1028.0078125,1027.62890625,1040.274445564518,1040.274445564518,1041.8359375,1039.4140625,2606.3919067382812,2606.3919067382812,2606.3919067382812,2606.3919067382812,5.98285702836389,1320.346875,5.98285702836389,1320.346875,,,,,,,,,-3.25714297163611,-1286.0450317382813,-3.25714297163611,-1286.0450317382813,,,,,,,,,9.33304236559973,1320.346875,9.33304236559973,1320.346875,,,,,,,,,0.09304236559973056,-1286.0450317382813,0.09304236559973056,-1286.0450317382813,,,,,,,,,cores,MiB
stage-index|stage-index|job|stage|e23-alias,stage,job,stage-index,stage-index,2023-06-06T16:15:00.000Z,2.91677588810342,2.91677588810342,4.58410009150393,1.23441200059994,0.0,0.0,0.0,9.24,9.24,9.24,9.24,969.8542086693573,969.8542086693573,969.9765625,969.7109375,982.783644153223,982.783644153223,983.34765625,982.37890625,2606.3919067382812,2606.3919067382812,2606.3919067382812,2606.3919067382812,5.98285702836389,1320.346875,5.98285702836389,1320.346875,,,,,,,,,-3.25714297163611,-1286.0450317382813,-3.25714297163611,-1286.0450317382813,,,,,,,,,9.33304236559973,1320.346875,9.33304236559973,1320.346875,,,,,,,,,0.09304236559973056,-1286.0450317382813,0.09304236559973056,-1286.0450317382813,,,,,,,,,cores,MiB
stage-index|stage-index|job|stage|e23-alias,stage,job,stage-index,stage-index,2023-06-06T16:30:00.000Z,3.08320635554562,3.08320635554562,3.91221568133527,1.5924436007704,0.0,0.0,0.0,9.24,9.24,9.24,9.24,860.089583333333,860.089583333333,860.14453125,860.03515625,871.001432291667,871.001432291667,871.23828125,870.87890625,2606.3919067382812,2606.3919067382812,2606.3919067382812,2606.3919067382812,5.98285702836389,1320.346875,5.98285702836389,1320.346875,,,,,,,,,-3.25714297163611,-1286.0450317382813,-3.25714297163611,-1286.0450317382813,,,,,,,,,7.43509224223284,1320.346875,7.43509224223284,1320.346875,,,,,,,,,-1.8049077577671602,-1286.0450317382813,-1.8049077577671602,-1286.0450317382813,,,,,,,,,cores,MiB
stage-index|stage-index|job|stage|e23-alias,stage,job,stage-index,stage-index,2023-06-06T16:45:00.000Z,2.94063830583667,2.94063830583667,4.40784293056155,1.57123415733998,0.0,0.0,0.0,9.24,9.24,9.24,9.24,1028.0265877016163,1028.0265877016163,1028.0703125,1027.9921875,1040.9981098790358,1040.9981098790358,1041.3125,1040.80078125,2606.3919067382812,2606.3919067382812,2606.3919067382812,2606.3919067382812,5.64942463669771,1320.346875,5.64942463669771,1320.346875,,,,,,,,,-3.59057536330229,-1286.0450317382813,-3.59057536330229,-1286.0450317382813,,,,,,,,,7.43509224223284,1320.346875,7.43509224223284,1320.346875,,,,,,,,,-1.8049077577671602,-1286.0450317382813,-1.8049077577671602,-1286.0450317382813,,,,,,,,,cores,MiB
stage-index|stage-index|job|stage|e23-alias,stage,job,stage-index,stage-index,2023-06-06T17:00:00.000Z,3.57127524294554,3.57127524294554,5.22246880306241,1.66409873726467,0.0,0.0,0.0,9.24,9.24,9.24,9.24,970.0333921370983,970.0333921370983,970.5,969.8515625,983.3747479838753,983.3747479838753,985.8671875,982.54296875,2606.3919067382812,2606.3919067382812,2606.3919067382812,2606.3919067382812,5.64942463669771,1320.346875,5.64942463669771,1320.346875,,,,,,,,,-3.59057536330229,-1286.0450317382813,-3.59057536330229,-1286.0450317382813,,,,,,,,,7.43509224223284,1320.346875,7.43509224223284,1320.346875,,,,,,,,,-1.8049077577671602,-1286.0450317382813,-1.8049077577671602,-1286.0450317382813,,,,,,,,,cores,MiB
stage-index|stage-index|job|stage|e23-alias,stage,job,stage-index,stage-index,2023-06-06T17:15:00.000Z,3.95663818744218,3.95663818744218,6.89450239693591,1.81033459356986,0.0,0.0,0.0,9.24,9.24,9.24,9.24,860.337630208333,860.337630208333,860.6171875,860.10546875,871.487369791667,871.487369791667,872.65234375,870.98046875,2606.3919067382812,2606.3919067382812,2606.3919067382812,2606.3919067382812,5.64942463669771,1320.346875,5.64942463669771,1320.346875,,,,,,,,,-3.59057536330229,-1286.0450317382813,-3.59057536330229,-1286.0450317382813,,,,,,,,,7.43509224223284,1320.346875,7.43509224223284,1320.346875,,,,,,,,,-1.8049077577671602,-1286.0450317382813,-1.8049077577671602,-1286.0450317382813,,,,,,,,,cores,MiB
stage-index|stage-index|job|stage|e23-alias,stage,job,stage-index,stage-index,2023-06-06T17:30:00.000Z,3.64364800660871,3.64364800660871,5.47582578373452,1.80749588243198,0.0,0.0,0.0,9.24,9.24,9.24,9.24,1028.4729082661247,1028.4729082661247,1028.84375,1028.046875,1041.9729082661247,1041.9729082661247,1043.4765625,1041.015625,2606.3919067382812,2606.3919067382812,2606.3919067382812,2606.3919067382812,5.64942463669771,1320.346875,5.64942463669771,1320.346875,,,,,,,,,-3.59057536330229,-1286.0450317382813,-3.59057536330229,-1286.0450317382813,,,,,,,,,7.43509224223284,1320.346875,7.43509224223284,1320.346875,,,,,,,,,-1.8049077577671602,-1286.0450317382813,-1.8049077577671602,-1286.0450317382813,,,,,,,,,cores,MiB
stage-index|stage-index|job|stage|e23-alias,stage,job,stage-index,stage-index,2023-06-06T17:45:00.000Z,3.38254184999115,3.38254184999115,5.65251978130546,1.57589667326926,0.0,0.0,0.0,9.24,9.24,9.24,9.24,969.940902217741,969.940902217741,970.45703125,969.3203125,982.9013356854821,982.9013356854821,985.21484375,981.17578125,2606.3919067382812,2606.3919067382812,2606.3919067382812,2606.3919067382812,5.65251978130546,1320.346875,5.65251978130546,1320.346875,,,,,,,,,-3.58748021869454,-1286.0450317382813,-3.58748021869454,-1286.0450317382813,,,,,,,,,7.43509224223284,1320.346875,7.43509224223284,1320.346875,,,,,,,,,-1.8049077577671602,-1286.0450317382813,-1.8049077577671602,-1286.0450317382813,,,,,,,,,cores,MiB
stage-index|stage-index|job|stage|e23-alias,stage,job,stage-index,stage-index,2023-06-06T18:00:00.000Z,3.79160327823445,3.79160327823445,6.29324173583494,1.45315179936588,0.0,0.0,0.0,9.24,9.24,9.24,9.24,860.2875,860.2875,860.609375,859.9765625,871.148958333333,871.148958333333,872.2265625,870.0390625,2606.3919067382812,2606.3919067382812,2606.3919067382812,2606.3919067382812,5.65251978130546,1320.346875,5.65251978130546,1320.346875,,,,,,,,,-3.58748021869454,-1286.0450317382813,-3.58748021869454,-1286.0450317382813,,,,,,,,,7.43509224223284,1320.346875,7.43509224223284,1320.346875,,,,,,,,,-1.8049077577671602,-1286.0450317382813,-1.8049077577671602,-1286.0450317382813,,,,,,,,,cores,MiB
stage-index|stage-index|job|stage|e23-alias,stage,job,stage-index,stage-index,2023-06-06T18:15:00.000Z,4.29758407840014,4.29758407840014,8.17590030893528,1.7785786134967,0.0,0.0,0.0,9.24,9.24,9.24,9.24,1025.7216145833302,1025.7216145833302,1026.4453125,1024.23828125,1036.484375,1036.484375,1038.26171875,1033.46484375,2606.3919067382812,2606.3919067382812,2606.3919067382812,2606.3919067382812,5.98285702836389,1320.346875,5.98285702836389,1320.346875,,,,,,,,,-3.25714297163611,-1286.0450317382813,-3.25714297163611,-1286.0450317382813,,,,,,,,,8.17590030893528,1320.346875,8.17590030893528,1320.346875,,,,,,,,,-1.0640996910647207,-1286.0450317382813,-1.0640996910647207,-1286.0450317382813,,,,,,,,,cores,MiB
stage-index|stage-index|job|stage|e23-alias,stage,job,stage-index,stage-index,2023-06-06T18:30:00.000Z,3.86145788664878,3.86145788664878,6.70407356227127,1.48906673286886,0.0,0.0,0.0,9.24,9.24,9.24,9.24,864.4988659274196,864.4988659274196,865.328125,863.36328125,889.9987399193554,889.9987399193554,891.890625,887.6875,2606.3919067382812,2606.3919067382812,2606.3919067382812,2606.3919067382812,5.98285702836389,1320.346875,5.98285702836389,1320.346875,,,,,,,,,-3.25714297163611,-1286.0450317382813,-3.25714297163611,-1286.0450317382813,,,,,,,,,8.17590030893528,1320.346875,8.17590030893528,1320.346875,,,,,,,,,-1.0640996910647207,-1286.0450317382813,-1.0640996910647207,-1286.0450317382813,,,,,,,,,cores,MiB
stage-index|stage-index|job|stage|e23-alias,stage,job,stage-index,stage-index,2023-06-06T18:45:00.000Z,2.71387997840893,2.71387997840893,4.27637546360493,1.56295297250617,0.0,0.0,0.0,9.24,9.24,9.24,9.24,1023.3942792338753,1023.3942792338753,1024.7890625,1022.37890625,1035.936995967741,1035.936995967741,1039.20703125,1033.43359375,2606.3919067382812,2606.3919067382812,2606.3919067382812,2606.3919067382812,5.98285702836389,1320.346875,5.98285702836389,1320.346875,,,,,,,,,-3.25714297163611,-1286.0450317382813,-3.25714297163611,-1286.0450317382813,,,,,,,,,8.17590030893528,1320.346875,8.17590030893528,1320.346875,,,,,,,,,-1.0640996910647207,-1286.0450317382813,-1.0640996910647207,-1286.0450317382813,,,,,,,,,cores,MiB
stage-index|stage-index|job|stage|e23-alias,stage,job,stage-index,stage-index,2023-06-06T19:00:00.000Z,3.03907847542988,3.03907847542988,3.94411782070529,2.25479516883691,0.0,0.0,0.0,9.24,9.24,9.24,9.24,950.487369791667,950.487369791667,1026.47265625,875.15625,969.1733072916699,969.1733072916699,1038.09765625,901.421875,2606.3919067382812,2606.3919067382812,2606.3919067382812,2606.3919067382812,5.98285702836389,1320.346875,5.98285702836389,1320.346875,,,,,,,,,-3.25714297163611,-1286.0450317382813,-3.25714297163611,-1286.0450317382813,,,,,,,,,8.17590030893528,1320.346875,8.17590030893528,1320.346875,,,,,,,,,-1.0640996910647207,-1286.0450317382813,-1.0640996910647207,-1286.0450317382813,,,,,,,,,cores,MiB
stage-index|stage-index|job|stage|e23-alias,stage,job,stage-index,stage-index,2023-06-06T19:15:00.000Z,2.74922739271566,2.74922739271566,4.78762243576348,1.57441544790442,0.0,0.0,0.0,9.24,9.24,9.24,9.24,863.945816532258,863.945816532258,865.328125,862.99609375,887.8939012096777,887.8939012096777,891.0234375,885.6953125,2606.3919067382812,2606.3919067382812,2606.3919067382812,2606.3919067382812,5.65251978130546,1320.346875,5.65251978130546,1320.346875,,,,,,,,,-3.58748021869454,-1286.0450317382813,-3.58748021869454,-1286.0450317382813,,,,,,,,,8.17590030893528,1320.346875,8.17590030893528,1320.346875,,,,,,,,,-1.0640996910647207,-1286.0450317382813,-1.0640996910647207,-1286.0450317382813,,,,,,,,,cores,MiB
stage-index|stage-index|job|stage|e23-alias,stage,job,stage-index,stage-index,2023-06-06T19:30:00.000Z,2.71352027334558,2.71352027334558,3.6576723753009,1.54440712519766,0.0,0.0,0.0,9.24,9.24,9.24,9.24,1022.5650201612949,1022.5650201612949,1022.6953125,1022.35546875,1034.0192792338753,1034.0192792338753,1035.58203125,1033.46875,2606.3919067382812,2606.3919067382812,2606.3919067382812,2606.3919067382812,5.65251978130546,1320.346875,5.65251978130546,1320.346875,,,,,,,,,-3.58748021869454,-1286.0450317382813,-3.58748021869454,-1286.0450317382813,,,,,,,,,8.17590030893528,1320.346875,8.17590030893528,1320.346875,,,,,,,,,-1.0640996910647207,-1286.0450317382813,-1.0640996910647207,-1286.0450317382813,,,,,,,,,cores,MiB
stage-index|stage-index|job|stage|e23-alias,stage,job,stage-index,stage-index,2023-06-06T19:45:00.000Z,2.94036261815785,2.94036261815785,4.71283654646638,1.3933244372718,0.0,0.0,0.0,9.24,9.24,9.24,9.24,875.279557291667,875.279557291667,875.37109375,875.15625,901.997526041667,901.997526041667,903.0859375,901.5546875,2606.3919067382812,2606.3919067382812,2606.3919067382812,2606.3919067382812,5.64942463669771,1320.346875,5.64942463669771,1320.346875,,,,,,,,,-3.59057536330229,-1286.0450317382813,-3.59057536330229,-1286.0450317382813,,,,,,,,,8.17590030893528,1320.346875,8.17590030893528,1320.346875,,,,,,,,,-1.0640996910647207,-1286.0450317382813,-1.0640996910647207,-1286.0450317382813,,,,,,,,,cores,MiB
stage-index|stage-index|job|stage|e23-alias,stage,job,stage-index,stage-index,2023-06-06T20:00:00.000Z,2.80700946081326,2.80700946081326,4.13377982049715,1.90898647319991,0.0,0.0,0.0,9.24,9.24,9.24,9.24,863.1359627016125,863.1359627016125,863.16015625,863.05078125,886.1578881048383,886.1578881048383,887.8515625,885.81640625,2606.3919067382812,2606.3919067382812,2606.3919067382812,2606.3919067382812,5.64942463669771,1320.346875,5.64942463669771,1320.346875,,,,,,,,,-3.59057536330229,-1286.0450317382813,-3.59057536330229,-1286.0450317382813,,,,,,,,,8.17590030893528,1320.346875,8.17590030893528,1320.346875,,,,,,,,,-1.0640996910647207,-1286.0450317382813,-1.0640996910647207,-1286.0450317382813,,,,,,,,,cores,MiB
stage-index|stage-index|job|stage|e23-alias,stage,job,stage-index,stage-index,2023-06-06T20:15:00.000Z,3.05085290877769,3.05085290877769,4.4371529553008,1.32294524762935,0.0,0.0,0.0,9.24,9.24,9.24,9.24,1022.3078377016163,1022.3078377016163,1022.6640625,1022.03515625,1033.3902469758034,1033.3902469758034,1034.31640625,1032.484375,2606.3919067382812,2606.3919067382812,2606.3919067382812,2606.3919067382812,5.64942463669771,1320.346875,5.64942463669771,1320.346875,,,,,,,,,-3.59057536330229,-1286.0450317382813,-3.59057536330229,-1286.0450317382813,,,,,,,,,8.17590030893528,1320.346875,8.17590030893528,1320.346875,,,,,,,,,-1.0640996910647207,-1286.0450317382813,-1.0640996910647207,-1286.0450317382813,,,,,,,,,cores,MiB
stage-index|stage-index|job|stage|e23-alias,stage,job,stage-index,stage-index,2023-06-06T20:30:00.000Z,3.49275978349563,3.49275978349563,5.83300594873726,1.30693846310023,0.0,0.0,0.0,9.24,9.24,9.24,9.24,874.8859375,874.8859375,875.28125,874.625,901.091276041667,901.091276041667,902.2421875,900.265625,2606.3919067382812,2606.3919067382812,2606.3919067382812,2606.3919067382812,5.64942463669771,1320.346875,5.64942463669771,1320.346875,,,,,,,,,-3.59057536330229,-1286.0450317382813,-3.59057536330229,-1286.0450317382813,,,,,,,,,8.17590030893528,1320.346875,8.17590030893528,1320.346875,,,,,,,,,-1.0640996910647207,-1286.0450317382813,-1.0640996910647207,-1286.0450317382813,,,,,,,,,cores,MiB
stage-index|stage-index|job|stage|e23-alias,stage,job,stage-index,stage-index,2023-06-06T20:45:00.000Z,3.09818740039443,3.09818740039443,4.84329413993595,1.75470801696647,0.0,0.0,0.0,9.24,9.24,9.24,9.24,862.7371471774196,862.7371471774196,863.15625,862.41015625,885.1837197580643,885.1837197580643,886.1875,884.3046875,2606.3919067382812,2606.3919067382812,2606.3919067382812,2606.3919067382812,5.64942463669771,1320.346875,5.64942463669771,1320.346875,,,,,,,,,-3.59057536330229,-1286.0450317382813,-3.59057536330229,-1286.0450317382813,,,,,,,,,8.17590030893528,1320.346875,8.17590030893528,1320.346875,,,,,,,,,-1.0640996910647207,-1286.0450317382813,-1.0640996910647207,-1286.0450317382813,,,,,,,,,cores,MiB
stage-index|stage-index|job|stage|e23-alias,stage,job,stage-index,stage-index,2023-06-06T21:00:00.000Z,3.36416505658456,3.36416505658456,5.31005323873833,1.50166634583535,0.0,0.0,0.0,9.24,9.24,9.24,9.24,1022.518019153223,1022.518019153223,1023.9921875,1022.00390625,1034.0704385080624,1034.0704385080624,1038.29296875,1032.3671875,2606.3919067382812,2606.3919067382812,2606.3919067382812,2606.3919067382812,5.50364672606035,1320.346875,5.50364672606035,1320.346875,,,,,,,,,-3.73635327393965,-1286.0450317382813,-3.73635327393965,-1286.0450317382813,,,,,,,,,8.17590030893528,1320.346875,8.17590030893528,1320.346875,,,,,,,,,-1.0640996910647207,-1286.0450317382813,-1.0640996910647207,-1286.0450317382813,,,,,,,,,cores,MiB
stage-index|stage-index|job|stage|e23-alias,stage,job,stage-index,stage-index,2023-06-06T21:15:00.000Z,3.94966087357089,3.94966087357089,5.72758108903654,1.8887665738274,0.0,0.0,0.0,9.24,9.24,9.24,9.24,875.127473958333,875.127473958333,876.41796875,874.625,901.595182291667,901.595182291667,905.18359375,900.2578125,2606.3919067382812,2606.3919067382812,2606.3919067382812,2606.3919067382812,5.64942463669771,1320.346875,5.64942463669771,1320.346875,,,,,,,,,-3.59057536330229,-1286.0450317382813,-3.59057536330229,-1286.0450317382813,,,,,,,,,8.17590030893528,1320.346875,8.17590030893528,1320.346875,,,,,,,,,-1.0640996910647207,-1286.0450317382813,-1.0640996910647207,-1286.0450317382813,,,,,,,,,cores,MiB
stage-index|stage-index|job|stage|e23-alias,stage,job,stage-index,stage-index,2023-06-06T21:30:00.000Z,3.43697484985227,3.43697484985227,6.10550907406335,1.86259581147072,0.0,0.0,0.0,9.24,9.24,9.24,9.24,862.8621471774196,862.8621471774196,864.19921875,862.40234375,885.8693296370964,885.8693296370964,889.6875,884.39453125,2606.3919067382812,2606.3919067382812,2606.3919067382812,2606.3919067382812,5.65251978130546,1320.346875,5.65251978130546,1320.346875,,,,,,,,,-3.58748021869454,-1286.0450317382813,-3.58748021869454,-1286.0450317382813,,,,,,,,,8.17590030893528,1320.346875,8.17590030893528,1320.346875,,,,,,,,,-1.0640996910647207,-1286.0450317382813,-1.0640996910647207,-1286.0450317382813,,,,,,,,,cores,MiB
stage-index|stage-index|job|stage|e23-alias,stage,job,stage-index,stage-index,2023-06-06T21:45:00.000Z,3.87804327548223,3.87804327548223,5.35223115270492,2.5259364880699,0.0,0.0,0.0,9.24,9.24,9.24,9.24,1023.6179435483837,1023.6179435483837,1023.8203125,1023.41796875,1035.4094002016163,1035.4094002016163,1036.48046875,1034.55859375,2606.3919067382812,2606.3919067382812,2606.3919067382812,2606.3919067382812,5.64942463669771,1320.346875,5.64942463669771,1320.346875,,,,,,,,,-3.59057536330229,-1286.0450317382813,-3.59057536330229,-1286.0450317382813,,,,,,,,,8.17590030893528,1320.346875,8.17590030893528,1320.346875,,,,,,,,,-1.0640996910647207,-1286.0450317382813,-1.0640996910647207,-1286.0450317382813,,,,,,,,,cores,MiB
stage-index|stage-index|job|stage|e23-alias,stage,job,stage-index,stage-index,2023-06-06T22:00:00.000Z,4.24751231715342,4.24751231715342,6.12304377340091,2.75479547886644,0.0,0.0,0.0,9.24,9.24,9.24,9.24,876.292057291667,876.292057291667,876.42578125,876.16015625,904.147005208333,904.147005208333,905.2421875,903.56640625,2606.3919067382812,2606.3919067382812,2606.3919067382812,2606.3919067382812,5.65251978130546,1320.346875,5.65251978130546,1320.346875,,,,,,,,,-3.58748021869454,-1286.0450317382813,-3.58748021869454,-1286.0450317382813,,,,,,,,,8.17590030893528,1320.346875,8.17590030893528,1320.346875,,,,,,,,,-1.0640996910647207,-1286.0450317382813,-1.0640996910647207,-1286.0450317382813,,,,,,,,,cores,MiB
stage-index|stage-index|job|stage|e23-alias,stage,job,stage-index,stage-index,2023-06-06T22:15:00.000Z,4.24991067075455,4.24991067075455,6.36302072409696,2.37492627493727,0.0,0.0,0.0,9.24,9.24,9.24,9.24,892.905745967742,892.905745967742,1088.46875,863.859375,917.098160282258,917.098160282258,1114.72265625,887.30078125,2606.3919067382812,2606.3919067382812,2606.3919067382812,2606.3919067382812,5.65251978130546,1337.6671875,5.65251978130546,1337.6671875,,,,,,,,,-3.58748021869454,-1268.7247192382813,-3.58748021869454,-1268.7247192382813,,,,,,,,,8.17590030893528,1337.6671875,8.17590030893528,1337.6671875,,,,,,,,,-1.0640996910647207,-1268.7247192382813,-1.0640996910647207,-1268.7247192382813,,,,,,,,,cores,MiB
stage-index|stage-index|job|stage|e23-alias,stage,job,stage-index,stage-index,2023-06-06T22:30:00.000Z,3.8532126421678,3.8532126421678,5.74991506872854,1.68813639103125,0.0,0.0,0.0,9.24,9.24,9.24,9.24,1023.744203629036,1023.744203629036,1025.30859375,1023.3671875,1036.1915322580624,1036.1915322580624,1039.9375,1034.54296875,2606.3919067382812,2606.3919067382812,2606.3919067382812,2606.3919067382812,5.72758108903654,1337.6671875,5.72758108903654,1337.6671875,,,,,,,,,-3.5124189109634605,-1268.7247192382813,-3.5124189109634605,-1268.7247192382813,,,,,,,,,8.17590030893528,1337.6671875,8.17590030893528,1337.6671875,,,,,,,,,-1.0640996910647207,-1268.7247192382813,-1.0640996910647207,-1268.7247192382813,,,,,,,,,cores,MiB
stage-index|stage-index|job|stage|e23-alias,stage,job,stage-index,stage-index,2023-06-06T22:45:00.000Z,4.28237274974662,4.28237274974662,5.9972014255356,1.6657420704995,0.0,0.0,0.0,9.24,9.24,9.24,9.24,876.189192708333,876.189192708333,877.890625,875.875,903.882552083333,903.882552083333,908.4609375,903.16796875,2606.3919067382812,2606.3919067382812,2606.3919067382812,2606.3919067382812,5.74991506872854,1337.6671875,5.74991506872854,1337.6671875,,,,,,,,,-3.4900849312714604,-1268.7247192382813,-3.4900849312714604,-1268.7247192382813,,,,,,,,,8.17590030893528,1337.6671875,8.17590030893528,1337.6671875,,,,,,,,,-1.0640996910647207,-1268.7247192382813,-1.0640996910647207,-1268.7247192382813,,,,,,,,,cores,MiB
stage-index|stage-index|job|stage|e23-alias,stage,job,stage-index,stage-index,2023-06-06T23:00:00.000Z,3.92398418021,3.92398418021,5.87465701523082,2.23356423017103,0.0,0.0,0.0,9.24,9.24,9.24,9.24,1086.9406502016163,1086.9406502016163,1088.42578125,1086.4296875,1112.0456149193574,1112.0456149193574,1115.79296875,1110.8125,2606.3919067382812,2606.3919067382812,2606.3919067382812,2606.3919067382812,5.74991506872854,1338.9515625,5.74991506872854,1338.9515625,,,,,,,,,-3.4900849312714604,-1267.4403442382813,-3.4900849312714604,-1267.4403442382813,,,,,,,,,8.17590030893528,1338.9515625,8.17590030893528,1338.9515625,,,,,,,,,-1.0640996910647207,-1267.4403442382813,-1.0640996910647207,-1267.4403442382813,,,,,,,,,cores,MiB
stage-index|stage-index|job|stage|e23-alias,stage,job,stage-index,stage-index,2023-06-06T23:15:00.000Z,4.06703313341442,4.06703313341442,6.38910922453894,2.12678781316305,0.0,0.0,0.0,9.24,9.24,9.24,9.24,1023.7735635080624,1023.7735635080624,1024.92578125,1023.5234375,1036.063004032259,1036.063004032259,1040.15625,1034.51171875,2606.3919067382812,2606.3919067382812,2606.3919067382812,2606.3919067382812,5.83300594873726,1338.9515625,5.83300594873726,1338.9515625,,,,,,,,,-3.40699405126274,-1267.4403442382813,-3.40699405126274,-1267.4403442382813,,,,,,,,,8.17590030893528,1338.9515625,8.17590030893528,1338.9515625,,,,,,,,,-1.0640996910647207,-1267.4403442382813,-1.0640996910647207,-1267.4403442382813,,,,,,,,,cores,MiB
stage-index|stage-index|job|stage|e23-alias,stage,job,stage-index,stage-index,2023-06-06T23:30:00.000Z,4.49394013483776,4.49394013483776,6.26750334030173,2.47334463179577,0.0,0.0,0.0,9.24,9.24,9.24,9.24,876.18125,876.18125,877.48828125,875.98828125,903.860677083333,903.860677083333,907.45703125,903.296875,2606.3919067382812,2606.3919067382812,2606.3919067382812,2606.3919067382812,5.83300594873726,1338.9515625,5.83300594873726,1338.9515625,,,,,,,,,-3.40699405126274,-1267.4403442382813,-3.40699405126274,-1267.4403442382813,,,,,,,,,8.17590030893528,1338.9515625,8.17590030893528,1338.9515625,,,,,,,,,-1.0640996910647207,-1267.4403442382813,-1.0640996910647207,-1267.4403442382813,,,,,,,,,cores,MiB
stage-index|stage-index|job|stage|e23-alias,stage,job,stage-index,stage-index,2023-06-06T23:45:00.000Z,4.06895835356088,4.06895835356088,5.99514831513322,2.00415778500028,0.0,0.0,0.0,9.24,9.24,9.24,9.24,1087.8077116935444,1087.8077116935444,1089.26171875,1086.43359375,1101.868573588705,1101.868573588705,1112.8046875,1097.73828125,2606.3919067382812,2606.3919067382812,2606.3919067382812,2606.3919067382812,5.87465701523082,1338.9515625,5.87465701523082,1338.9515625,,,,,,,,,-3.36534298476918,-1267.4403442382813,-3.36534298476918,-1267.4403442382813,,,,,,,,,8.17590030893528,1338.9515625,8.17590030893528,1338.9515625,,,,,,,,,-1.0640996910647207,-1267.4403442382813,-1.0640996910647207,-1267.4403442382813,,,,,,,,,cores,MiB
stage-index|stage-index|job|stage|e23-alias,stage,job,stage-index,stage-index,2023-06-07T00:00:00.000Z,4.06718741042772,4.06718741042772,6.0019614633716,1.68285396813105,0.0,0.0,0.0,9.24,9.24,9.24,9.24,964.380922379036,964.380922379036,1023.7890625,892.234375,990.0743447580624,990.0743447580624,1036.1328125,934.1953125,2606.3919067382812,2606.3919067382812,2606.3919067382812,2606.3919067382812,5.98285702836389,1338.9515625,5.98285702836389,1338.9515625,,,,,,,,,-3.25714297163611,-1267.4403442382813,-3.25714297163611,-1267.4403442382813,,,,,,,,,8.17590030893528,1338.9515625,8.17590030893528,1338.9515625,,,,,,,,,-1.0640996910647207,-1267.4403442382813,-1.0640996910647207,-1267.4403442382813,,,,,,,,,cores,MiB
stage-index|stage-index|job|stage|e23-alias,stage,job,stage-index,stage-index,2023-06-07T00:15:00.000Z,5.53014979861677,5.53014979861677,7.59798533776775,3.14924415599865,0.0,0.0,0.0,9.24,9.24,9.24,9.24,1023.9703125,1023.9703125,1024.14453125,1023.7734375,1037.3096354166698,1037.3096354166698,1038.0078125,1036.58984375,2606.3919067382812,2606.3919067382812,2606.3919067382812,2606.3919067382812,5.98285702836389,1338.9515625,5.98285702836389,1338.9515625,,,,,,,,,-3.25714297163611,-1267.4403442382813,-3.25714297163611,-1267.4403442382813,,,,,,,,,8.17590030893528,1338.9515625,8.17590030893528,1338.9515625,,,,,,,,,-1.0640996910647207,-1267.4403442382813,-1.0640996910647207,-1267.4403442382813,,,,,,,,,cores,MiB
stage-index|stage-index|job|stage|e23-alias,stage,job,stage-index,stage-index,2023-06-07T00:30:00.000Z,5.23086412887555,5.23086412887555,7.57285725550416,3.0826780607303,0.0,0.0,0.0,9.24,9.24,9.24,9.24,1053.2706653225803,1053.2706653225803,1053.40234375,1053.1640625,1064.1678427419376,1064.1678427419376,1065.65234375,1063.4453125,2606.3919067382812,2606.3919067382812,2606.3919067382812,2606.3919067382812,5.99514831513322,1338.9515625,5.99514831513322,1338.9515625,,,,,,,,,-3.24485168486678,-1267.4403442382813,-3.24485168486678,-1267.4403442382813,,,,,,,,,8.17590030893528,1338.9515625,8.17590030893528,1338.9515625,,,,,,,,,-1.0640996910647207,-1267.4403442382813,-1.0640996910647207,-1267.4403442382813,,,,,,,,,cores,MiB
stage-index|stage-index|job|stage|e23-alias,stage,job,stage-index,stage-index,2023-06-07T00:45:00.000Z,3.90191385334979,3.90191385334979,6.44872047136693,1.85356839506421,0.0,0.0,0.0,9.24,9.24,9.24,9.24,972.6901461693573,972.6901461693573,973.34765625,970.59765625,988.211441532259,988.211441532259,989.5234375,983.3671875,2606.3919067382812,2606.3919067382812,2606.3919067382812,2606.3919067382812,5.99514831513322,1338.9515625,5.99514831513322,1338.9515625,,,,,,,,,-3.24485168486678,-1267.4403442382813,-3.24485168486678,-1267.4403442382813,,,,,,,,,8.17590030893528,1338.9515625,8.17590030893528,1338.9515625,,,,,,,,,-1.0640996910647207,-1267.4403442382813,-1.0640996910647207,-1267.4403442382813,,,,,,,,,cores,MiB
stage-index|stage-index|job|stage|e23-alias,stage,job,stage-index,stage-index,2023-06-07T01:00:00.000Z,3.63797856841004,3.63797856841004,6.11286510396749,1.29853374923114,0.0,0.0,0.0,9.24,9.24,9.24,9.24,1026.080078125,1026.080078125,1026.62109375,1024.03125,1041.5388020833302,1041.5388020833302,1042.6796875,1037.1171875,2606.3919067382812,2606.3919067382812,2606.3919067382812,2606.3919067382812,5.9972014255356,1338.9515625,5.9972014255356,1338.9515625,,,,,,,,,-3.2427985744644,-1267.4403442382813,-3.2427985744644,-1267.4403442382813,,,,,,,,,8.17590030893528,1338.9515625,8.17590030893528,1338.9515625,,,,,,,,,-1.0640996910647207,-1267.4403442382813,-1.0640996910647207,-1267.4403442382813,,,,,,,,,cores,MiB
stage-index|stage-index|job|stage|e23-alias,stage,job,stage-index,stage-index,2023-06-07T01:15:00.000Z,3.54015295349682,3.54015295349682,7.45547834190074,1.60491114096561,0.0,0.0,0.0,9.24,9.24,9.24,9.24,1054.9367439516163,1054.9367439516163,1055.48046875,1053.19921875,1067.7928427419376,1067.7928427419376,1070.55078125,1063.60546875,2606.3919067382812,2606.3919067382812,2606.3919067382812,2606.3919067382812,6.0019614633716,1338.9515625,6.0019614633716,1338.9515625,,,,,,,,,-3.2380385366284,-1267.4403442382813,-3.2380385366284,-1267.4403442382813,,,,,,,,,8.17590030893528,1338.9515625,8.17590030893528,1338.9515625,,,,,,,,,-1.0640996910647207,-1267.4403442382813,-1.0640996910647207,-1267.4403442382813,,,,,,,,,cores,MiB
stage-index|stage-index|job|stage|e23-alias,stage,job,stage-index,stage-index,2023-06-07T01:30:00.000Z,2.89017926512571,2.89017926512571,4.3304681422965,1.32735372496148,0.0,0.0,0.0,9.24,9.24,9.24,9.24,1015.630418346777,1015.630418346777,1090.8515625,973.27734375,1031.1037046370984,1031.1037046370984,1108.24609375,989.1015625,2606.3919067382812,2606.3919067382812,2606.3919067382812,2606.3919067382812,5.9972014255356,1338.9515625,5.9972014255356,1338.9515625,,,,,,,,,-3.2427985744644,-1267.4403442382813,-3.2427985744644,-1267.4403442382813,,,,,,,,,8.17590030893528,1338.9515625,8.17590030893528,1338.9515625,,,,,,,,,-1.0640996910647207,-1267.4403442382813,-1.0640996910647207,-1267.4403442382813,,,,,,,,,cores,MiB
stage-index|stage-index|job|stage|e23-alias,stage,job,stage-index,stage-index,2023-06-07T01:45:00.000Z,3.00831296994325,3.00831296994325,4.69038437489265,1.32195857010471,0.0,0.0,0.0,9.24,9.24,9.24,9.24,1025.1026041666698,1025.1026041666698,1026.671875,1022.96875,1039.3200520833302,1039.3200520833302,1042.90234375,1034.65625,2606.3919067382812,2606.3919067382812,2606.3919067382812,2606.3919067382812,5.9972014255356,1338.9515625,5.9972014255356,1338.9515625,,,,,,,,,-3.2427985744644,-1267.4403442382813,-3.2427985744644,-1267.4403442382813,,,,,,,,,8.17590030893528,1338.9515625,8.17590030893528,1338.9515625,,,,,,,,,-1.0640996910647207,-1267.4403442382813,-1.0640996910647207,-1267.4403442382813,,,,,,,,,cores,MiB
stage-index|stage-index|job|stage|e23-alias,stage,job,stage-index,stage-index,2023-06-07T02:00:00.000Z,2.80262875354435,2.80262875354435,3.90741185847049,1.65705522483525,0.0,0.0,0.0,9.24,9.24,9.24,9.24,1054.0632560483837,1054.0632560483837,1055.5078125,1051.953125,1065.7268145161247,1065.7268145161247,1069.02734375,1061.03515625,2606.3919067382812,2606.3919067382812,2606.3919067382812,2606.3919067382812,5.99514831513322,1338.9515625,5.99514831513322,1338.9515625,,,,,,,,,-3.24485168486678,-1267.4403442382813,-3.24485168486678,-1267.4403442382813,,,,,,,,,8.17590030893528,1338.9515625,8.17590030893528,1338.9515625,,,,,,,,,-1.0640996910647207,-1267.4403442382813,-1.0640996910647207,-1267.4403442382813,,,,,,,,,cores,MiB
stage-index|stage-index|job|stage|e23-alias,stage,job,stage-index,stage-index,2023-06-07T02:15:00.000Z,2.53731874765673,2.53731874765673,3.95558793819509,1.06708050633315,0.0,0.0,0.0,9.24,9.24,9.24,9.24,1021.545362903223,1021.545362903223,1024.4921875,1021.09765625,1035.540448588705,1035.540448588705,1043.23046875,1034.109375,2606.3919067382812,2606.3919067382812,2606.3919067382812,2606.3919067382812,5.99514831513322,1338.9515625,5.99514831513322,1338.9515625,,,,,,,,,-3.24485168486678,-1267.4403442382813,-3.24485168486678,-1267.4403442382813,,,,,,,,,8.17590030893528,1338.9515625,8.17590030893528,1338.9515625,,,,,,,,,-1.0640996910647207,-1267.4403442382813,-1.0640996910647207,-1267.4403442382813,,,,,,,,,cores,MiB
stage-index|stage-index|job|stage|e23-alias,stage,job,stage-index,stage-index,2023-06-07T02:30:00.000Z,2.81604135509322,2.81604135509322,4.13892772919498,1.70276362940203,0.0,0.0,0.0,9.24,9.24,9.24,9.24,1023.4486979166699,1023.4486979166699,1026.37890625,1022.98828125,1035.9451822916699,1035.9451822916699,1042.5,1034.68359375,2606.3919067382812,2606.3919067382812,2606.3919067382812,2606.3919067382812,5.99514831513322,1338.9515625,5.99514831513322,1338.9515625,,,,,,,,,-3.24485168486678,-1267.4403442382813,-3.24485168486678,-1267.4403442382813,,,,,,,,,8.17590030893528,1338.9515625,8.17590030893528,1338.9515625,,,,,,,,,-1.0640996910647207,-1267.4403442382813,-1.0640996910647207,-1267.4403442382813,,,,,,,,,cores,MiB
stage-index|stage-index|job|stage|e23-alias,stage,job,stage-index,stage-index,2023-06-07T02:45:00.000Z,2.58984593394005,2.58984593394005,3.69286168507145,1.39576166137122,0.0,0.0,0.0,9.24,9.24,9.24,9.24,1052.4168346774197,1052.4168346774197,1055.36328125,1051.9609375,1061.883316532259,1061.883316532259,1068.859375,1059.94140625,2606.3919067382812,2606.3919067382812,2606.3919067382812,2606.3919067382812,5.98285702836389,1338.9515625,5.98285702836389,1338.9515625,,,,,,,,,-3.25714297163611,-1267.4403442382813,-3.25714297163611,-1267.4403442382813,,,,,,,,,8.17590030893528,1338.9515625,8.17590030893528,1338.9515625,,,,,,,,,-1.0640996910647207,-1267.4403442382813,-1.0640996910647207,-1267.4403442382813,,,,,,,,,cores,MiB
stage-index|stage-index|job|stage|e23-alias,stage,job,stage-index,stage-index,2023-06-07T03:00:00.000Z,3.00159729506769,3.00159729506769,4.45723540563292,1.50246619353226,0.0,0.0,0.0,9.24,9.24,9.24,9.24,1024.8685735887145,1024.8685735887145,1024.95703125,1024.5625,1041.7087953629016,1041.7087953629016,1042.74609375,1039.0078125,2606.3919067382812,2606.3919067382812,2606.3919067382812,2606.3919067382812,5.98285702836389,1338.9515625,5.98285702836389,1338.9515625,,,,,,,,,-3.25714297163611,-1267.4403442382813,-3.25714297163611,-1267.4403442382813,,,,,,,,,8.17590030893528,1338.9515625,8.17590030893528,1338.9515625,,,,,,,,,-1.0640996910647207,-1267.4403442382813,-1.0640996910647207,-1267.4403442382813,,,,,,,,,cores,MiB
stage-index|stage-index|job|stage|e23-alias,stage,job,stage-index,stage-index,2023-06-07T03:15:00.000Z,3.13298806072575,3.13298806072575,4.64449959926618,1.28047937856366,0.0,0.0,0.0,9.24,9.24,9.24,9.24,1026.7489583333302,1026.7489583333302,1026.828125,1026.47265625,1041.941015625,1041.941015625,1042.73828125,1039.45703125,2606.3919067382812,2606.3919067382812,2606.3919067382812,2606.3919067382812,5.87465701523082,1338.9515625,5.87465701523082,1338.9515625,,,,,,,,,-3.36534298476918,-1267.4403442382813,-3.36534298476918,-1267.4403442382813,,,,,,,,,8.17590030893528,1338.9515625,8.17590030893528,1338.9515625,,,,,,,,,-1.0640996910647207,-1267.4403442382813,-1.0640996910647207,-1267.4403442382813,,,,,,,,,cores,MiB
stage-index|stage-index|job|stage|e23-alias,stage,job,stage-index,stage-index,2023-06-07T03:30:00.000Z,3.01202320400548,3.01202320400548,3.97880349186404,1.68808705389965,0.0,0.0,0.0,9.24,9.24,9.24,9.24,1055.6136592741966,1055.6136592741966,1055.74609375,1055.32421875,1068.0264616935444,1068.0264616935444,1068.58203125,1067.5078125,2606.3919067382812,2606.3919067382812,2606.3919067382812,2606.3919067382812,5.87465701523082,1338.9515625,5.87465701523082,1338.9515625,,,,,,,,,-3.36534298476918,-1267.4403442382813,-3.36534298476918,-1267.4403442382813,,,,,,,,,8.17590030893528,1338.9515625,8.17590030893528,1338.9515625,,,,,,,,,-1.0640996910647207,-1267.4403442382813,-1.0640996910647207,-1267.4403442382813,,,,,,,,,cores,MiB
stage-index|stage-index|job|stage|e23-alias,stage,job,stage-index,stage-index,2023-06-07T03:45:00.000Z,3.68980346298777,3.68980346298777,4.91046507582845,1.98280614510489,0.0,0.0,0.0,9.24,9.24,9.24,9.24,1022.3562247983837,1022.3562247983837,1024.9921875,1021.32421875,1033.8298891129016,1033.8298891129016,1039.265625,1031.328125,2606.3919067382812,2606.3919067382812,2606.3919067382812,2606.3919067382812,5.87465701523082,1338.9515625,5.87465701523082,1338.9515625,,,,,,,,,-3.36534298476918,-1267.4403442382813,-3.36534298476918,-1267.4403442382813,,,,,,,,,8.17590030893528,1338.9515625,8.17590030893528,1338.9515625,,,,,,,,,-1.0640996910647207,-1267.4403442382813,-1.0640996910647207,-1267.4403442382813,,,,,,,,,cores,MiB
stage-index|stage-index|job|stage|e23-alias,stage,job,stage-index,stage-index,2023-06-07T04:00:00.000Z,4.19070247345656,4.19070247345656,7.26236502836303,1.79412802913381,0.0,0.0,0.0,9.24,9.24,9.24,9.24,1024.0372395833301,1024.0372395833301,1026.8125,1023.01171875,1033.7873697916698,1033.7873697916698,1039.96875,1031.47265625,2606.3919067382812,2606.3919067382812,2606.3919067382812,2606.3919067382812,5.87465701523082,1338.9515625,5.87465701523082,1338.9515625,,,,,,,,,-3.36534298476918,-1267.4403442382813,-3.36534298476918,-1267.4403442382813,,,,,,,,,8.17590030893528,1338.9515625,8.17590030893528,1338.9515625,,,,,,,,,-1.0640996910647207,-1267.4403442382813,-1.0640996910647207,-1267.4403442382813,,,,,,,,,cores,MiB
stage-index|stage-index|job|stage|e23-alias,stage,job,stage-index,stage-index,2023-06-07T04:15:00.000Z,3.73221217275778,3.73221217275778,5.50489201743621,2.23221565083756,0.0,0.0,0.0,9.24,9.24,9.24,9.24,1052.9221270161247,1052.9221270161247,1055.69921875,1051.890625,1062.3445060483837,1062.3445060483837,1069.16796875,1059.92578125,2606.3919067382812,2606.3919067382812,2606.3919067382812,2606.3919067382812,5.87465701523082,1338.9515625,5.87465701523082,1338.9515625,,,,,,,,,-3.36534298476918,-1267.4403442382813,-3.36534298476918,-1267.4403442382813,,,,,,,,,8.17590030893528,1338.9515625,8.17590030893528,1338.9515625,,,,,,,,,-1.0640996910647207,-1267.4403442382813,-1.0640996910647207,-1267.4403442382813,,,,,,,,,cores,MiB
stage-index|stage-index|job|stage|e23-alias,stage,job,stage-index,stage-index,2023-06-07T04:30:00.000Z,3.40786580376431,3.40786580376431,5.46312833953028,2.255964492502,0.0,0.0,0.0,9.24,9.24,9.24,9.24,1021.1888860887051,1021.1888860887051,1021.54296875,1020.8203125,1031.6654485887145,1031.6654485887145,1033.12890625,1030.5390625,2606.3919067382812,2606.3919067382812,2606.3919067382812,2606.3919067382812,5.83300594873726,1338.9515625,5.83300594873726,1338.9515625,,,,,,,,,-3.40699405126274,-1267.4403442382813,-3.40699405126274,-1267.4403442382813,,,,,,,,,8.17590030893528,1338.9515625,8.17590030893528,1338.9515625,,,,,,,,,-1.0640996910647207,-1267.4403442382813,-1.0640996910647207,-1267.4403442382813,,,,,,,,,cores,MiB
stage-index|stage-index|job|stage|e23-alias,stage,job,stage-index,stage-index,2023-06-07T04:45:00.000Z,4.14150193595121,4.14150193595121,5.72961705983616,1.40454686897186,0.0,0.0,0.0,9.24,9.24,9.24,9.24,1022.9528645833302,1022.9528645833302,1023.05859375,1022.78515625,1031.4911458333302,1031.4911458333302,1032.2734375,1031.01171875,2606.3919067382812,2606.3919067382812,2606.3919067382812,2606.3919067382812,5.83300594873726,1338.9515625,5.83300594873726,1338.9515625,,,,,,,,,-3.40699405126274,-1267.4403442382813,-3.40699405126274,-1267.4403442382813,,,,,,,,,8.17590030893528,1338.9515625,8.17590030893528,1338.9515625,,,,,,,,,-1.0640996910647207,-1267.4403442382813,-1.0640996910647207,-1267.4403442382813,,,,,,,,,cores,MiB
stage-index|stage-index|job|stage|e23-alias,stage,job,stage-index,stage-index,2023-06-07T05:00:00.000Z,3.46151445393451,3.46151445393451,4.94516164703139,1.54749994350132,0.0,0.0,0.0,9.24,9.24,9.24,9.24,1051.8534526209642,1051.8534526209642,1052.078125,1051.609375,1060.1617943548392,1060.1617943548392,1061.3984375,1059.2890625,2606.3919067382812,2606.3919067382812,2606.3919067382812,2606.3919067382812,5.83300594873726,1338.9515625,5.83300594873726,1338.9515625,,,,,,,,,-3.40699405126274,-1267.4403442382813,-3.40699405126274,-1267.4403442382813,,,,,,,,,7.59798533776775,1338.9515625,7.59798533776775,1338.9515625,,,,,,,,,-1.64201466223225,-1267.4403442382813,-1.64201466223225,-1267.4403442382813,,,,,,,,,cores,MiB
stage-index|stage-index|job|stage|e23-alias,stage,job,stage-index,stage-index,2023-06-07T05:15:00.000Z,2.6507822202278,2.6507822202278,4.38586108866148,1.40026902579702,0.0,0.0,0.0,9.24,9.24,9.24,9.24,1020.8499243951607,1020.8499243951607,1021.07421875,1020.8125,1030.902847782259,1030.902847782259,1033.0859375,1030.36328125,2606.3919067382812,2606.3919067382812,2606.3919067382812,2606.3919067382812,5.74991506872854,1338.9515625,5.74991506872854,1338.9515625,,,,,,,,,-3.4900849312714604,-1267.4403442382813,-3.4900849312714604,-1267.4403442382813,,,,,,,,,7.59798533776775,1338.9515625,7.59798533776775,1338.9515625,,,,,,,,,-1.64201466223225,-1267.4403442382813,-1.64201466223225,-1267.4403442382813,,,,,,,,,cores,MiB
stage-index|stage-index|job|stage|e23-alias,stage,job,stage-index,stage-index,2023-06-07T05:30:00.000Z,3.27076509921449,3.27076509921449,5.6704234512678,1.64588069603002,0.0,0.0,0.0,9.24,9.24,9.24,9.24,1022.7919270833302,1022.7919270833302,1022.83984375,1022.76171875,1031.13216145833,1031.13216145833,1031.6875,1030.89453125,2606.3919067382812,2606.3919067382812,2606.3919067382812,2606.3919067382812,5.74991506872854,1338.9515625,5.74991506872854,1338.9515625,,,,,,,,,-3.4900849312714604,-1267.4403442382813,-3.4900849312714604,-1267.4403442382813,,,,,,,,,7.59798533776775,1338.9515625,7.59798533776775,1338.9515625,,,,,,,,,-1.64201466223225,-1267.4403442382813,-1.64201466223225,-1267.4403442382813,,,,,,,,,cores,MiB
stage-index|stage-index|job|stage|e23-alias,stage,job,stage-index,stage-index,2023-06-07T05:45:00.000Z,2.75762053555007,2.75762053555007,5.73228535333959,1.25748643866585,0.0,0.0,0.0,9.24,9.24,9.24,9.24,1051.6008064516163,1051.6008064516163,1051.7578125,1051.546875,1059.5544354838753,1059.5544354838753,1060.97265625,1059.14453125,2606.3919067382812,2606.3919067382812,2606.3919067382812,2606.3919067382812,5.73228535333959,1338.9515625,5.73228535333959,1338.9515625,,,,,,,,,-3.5077146466604106,-1267.4403442382813,-3.5077146466604106,-1267.4403442382813,,,,,,,,,7.59798533776775,1338.9515625,7.59798533776775,1338.9515625,,,,,,,,,-1.64201466223225,-1267.4403442382813,-1.64201466223225,-1267.4403442382813,,,,,,,,,cores,MiB
stage-index|stage-index|job|stage|e23-alias,stage,job,stage-index,stage-index,2023-06-07T06:00:00.000Z,5.21374448009224,5.21374448009224,8.32215292279919,2.17125347810021,0.0,0.0,0.0,9.24,9.24,9.24,9.24,1021.0701864919376,1021.0701864919376,1021.14453125,1021.01171875,1031.592741935482,1031.592741935482,1032.8203125,1031.0078125,2606.3919067382812,2606.3919067382812,2606.3919067382812,2606.3919067382812,5.74991506872854,1338.9515625,5.74991506872854,1338.9515625,,,,,,,,,-3.4900849312714604,-1267.4403442382813,-3.4900849312714604,-1267.4403442382813,,,,,,,,,8.17590030893528,1338.9515625,8.17590030893528,1338.9515625,,,,,,,,,-1.0640996910647207,-1267.4403442382813,-1.0640996910647207,-1267.4403442382813,,,,,,,,,cores,MiB
stage-index|stage-index|job|stage|e23-alias,stage,job,stage-index,stage-index,2023-06-07T06:15:00.000Z,3.85145899918241,3.85145899918241,6.68538603299918,1.76455695920158,0.0,0.0,0.0,9.24,9.24,9.24,9.24,982.3503024193573,982.3503024193573,983.359375,980.9296875,995.5110887096787,995.5110887096787,997.6015625,992.28515625,2606.3919067382812,2606.3919067382812,2606.3919067382812,2606.3919067382812,5.83300594873726,1338.9515625,5.83300594873726,1338.9515625,,,,,,,,,-3.40699405126274,-1267.4403442382813,-3.40699405126274,-1267.4403442382813,,,,,,,,,8.17590030893528,1338.9515625,8.17590030893528,1338.9515625,,,,,,,,,-1.0640996910647207,-1267.4403442382813,-1.0640996910647207,-1267.4403442382813,,,,,,,,,cores,MiB
stage-index|stage-index|job|stage|e23-alias,stage,job,stage-index,stage-index,2023-06-07T06:30:00.000Z,4.20374661883443,4.20374661883443,8.05533864223398,2.05818698389921,0.0,0.0,0.0,9.24,9.24,9.24,9.24,865.319921875,865.319921875,866.35546875,863.78515625,883.237630208333,883.237630208333,885.54296875,879.7734375,2606.3919067382812,2606.3919067382812,2606.3919067382812,2606.3919067382812,5.83300594873726,1338.9515625,5.83300594873726,1338.9515625,,,,,,,,,-3.40699405126274,-1267.4403442382813,-3.40699405126274,-1267.4403442382813,,,,,,,,,8.17590030893528,1338.9515625,8.17590030893528,1338.9515625,,,,,,,,,-1.0640996910647207,-1267.4403442382813,-1.0640996910647207,-1267.4403442382813,,,,,,,,,cores,MiB
stage-index|stage-index|job|stage|e23-alias,stage,job,stage-index,stage-index,2023-06-07T06:45:00.000Z,4.0401830293202,4.0401830293202,7.52140436617192,1.65528641099421,0.000286944283908,0.000286944283908,0.000286944283908,9.24,9.24,9.24,9.24,1105.0323840725803,1105.0323840725803,1114.71875,975.3046875,1133.6960685483837,1133.6960685483837,1144.515625,1002.1953125,2606.3919067382812,2606.3919067382812,2606.3919067382812,2606.3919067382812,5.87465701523082,1373.41875,5.87465701523082,1373.41875,,,,,,,,,-3.36534298476918,-1232.9731567382812,-3.36534298476918,-1232.9731567382812,,,,,,,,,8.17590030893528,1373.41875,8.17590030893528,1373.41875,,,,,,,,,-1.0640996910647207,-1232.9731567382812,-1.0640996910647207,-1232.9731567382812,,,,,,,,,cores,MiB
stage-index|stage-index|job|stage|e23-alias,stage,job,stage-index,stage-index,2023-06-07T07:00:00.000Z,2.9443669877266,2.9443669877266,4.42641212757056,1.73803005846373,0.0,0.0,0.0,9.24,9.24,9.24,9.24,982.5563256048393,982.5563256048393,983.4140625,979.58984375,995.5705645161247,995.5705645161247,997.91015625,989.20703125,2606.3919067382812,2606.3919067382812,2606.3919067382812,2606.3919067382812,5.83300594873726,1373.41875,5.83300594873726,1373.41875,,,,,,,,,-3.40699405126274,-1232.9731567382812,-3.40699405126274,-1232.9731567382812,,,,,,,,,8.17590030893528,1373.41875,8.17590030893528,1373.41875,,,,,,,,,-1.0640996910647207,-1232.9731567382812,-1.0640996910647207,-1232.9731567382812,,,,,,,,,cores,MiB
stage-index|stage-index|job|stage|e23-alias,stage,job,stage-index,stage-index,2023-06-07T07:15:00.000Z,3.11948127674793,3.11948127674793,4.5482986570724,1.72829374160307,0.0,0.0,0.0,9.24,9.24,9.24,9.24,865.580208333333,865.580208333333,866.375,862.91796875,883.69609375,883.69609375,885.58984375,877.890625,2606.3919067382812,2606.3919067382812,2606.3919067382812,2606.3919067382812,5.83300594873726,1373.41875,5.83300594873726,1373.41875,,,,,,,,,-3.40699405126274,-1232.9731567382812,-3.40699405126274,-1232.9731567382812,,,,,,,,,8.17590030893528,1373.41875,8.17590030893528,1373.41875,,,,,,,,,-1.0640996910647207,-1232.9731567382812,-1.0640996910647207,-1232.9731567382812,,,,,,,,,cores,MiB
stage-index|stage-index|job|stage|e23-alias,stage,job,stage-index,stage-index,2023-06-07T07:30:00.000Z,2.8994742112555,2.8994742112555,4.48753581622926,1.60718357999964,0.0,0.0,0.0,9.24,9.24,9.24,9.24,1113.9851310483837,1113.9851310483837,1114.8515625,1111.1484375,1142.4020917338753,1142.4020917338753,1144.5546875,1136.27734375,2606.3919067382812,2606.3919067382812,2606.3919067382812,2606.3919067382812,5.83300594873726,1373.465625,5.83300594873726,1373.465625,,,,,,,,,-3.40699405126274,-1232.9262817382812,-3.40699405126274,-1232.9262817382812,,,,,,,,,8.17590030893528,1373.465625,8.17590030893528,1373.465625,,,,,,,,,-1.0640996910647207,-1232.9262817382812,-1.0640996910647207,-1232.9262817382812,,,,,,,,,cores,MiB
stage-index|stage-index|job|stage|e23-alias,stage,job,stage-index,stage-index,2023-06-07T07:45:00.000Z,2.50527279752772,2.50527279752772,3.79543896353959,1.47664082050323,0.0,0.0,0.0,9.24,9.24,9.24,9.24,979.5593497983837,979.5593497983837,979.6328125,979.48828125,989.8322832661247,989.8322832661247,991.3984375,989.12890625,2606.3919067382812,2606.3919067382812,2606.3919067382812,2606.3919067382812,5.74991506872854,1373.465625,5.74991506872854,1373.465625,,,,,,,,,-3.4900849312714604,-1232.9262817382812,-3.4900849312714604,-1232.9262817382812,,,,,,,,,8.17590030893528,1373.465625,8.17590030893528,1373.465625,,,,,,,,,-1.0640996910647207,-1232.9262817382812,-1.0640996910647207,-1232.9262817382812,,,,,,,,,cores,MiB
stage-index|stage-index|job|stage|e23-alias,stage,job,stage-index,stage-index,2023-06-07T08:00:00.000Z,2.88018496219897,2.88018496219897,4.07615948540624,1.38142181793228,0.0,0.0,0.0,9.24,9.24,9.24,9.24,862.923958333333,862.923958333333,863.03125,862.890625,878.111458333334,878.111458333334,878.921875,877.8046875,2606.3919067382812,2606.3919067382812,2606.3919067382812,2606.3919067382812,5.74991506872854,1373.465625,5.74991506872854,1373.465625,,,,,,,,,-3.4900849312714604,-1232.9262817382812,-3.4900849312714604,-1232.9262817382812,,,,,,,,,8.17590030893528,1373.465625,8.17590030893528,1373.465625,,,,,,,,,-1.0640996910647207,-1232.9262817382812,-1.0640996910647207,-1232.9262817382812,,,,,,,,,cores,MiB
stage-index|stage-index|job|stage|e23-alias,stage,job,stage-index,stage-index,2023-06-07T08:15:00.000Z,2.52814002004116,2.52814002004116,3.8446571649285,1.30397870593394,0.0,0.0,0.0,9.24,9.24,9.24,9.24,1111.1055947580624,1111.1055947580624,1111.2421875,1110.984375,1136.6018145161247,1136.6018145161247,1137.7265625,1136.02734375,2606.3919067382812,2606.3919067382812,2606.3919067382812,2606.3919067382812,5.73228535333959,1373.465625,5.73228535333959,1373.465625,,,,,,,,,-3.5077146466604106,-1232.9262817382812,-3.5077146466604106,-1232.9262817382812,,,,,,,,,8.17590030893528,1373.465625,8.17590030893528,1373.465625,,,,,,,,,-1.0640996910647207,-1232.9262817382812,-1.0640996910647207,-1232.9262817382812,,,,,,,,,cores,MiB
stage-index|stage-index|job|stage|e23-alias,stage,job,stage-index,stage-index,2023-06-07T08:30:00.000Z,2.66502751815676,2.66502751815676,4.42818574400153,0.81366536639786,0.0,0.0,0.0,9.24,9.24,9.24,9.24,980.4586693548393,980.4586693548393,983.50390625,979.48046875,991.8088457661247,991.8088457661247,998.2578125,989.234375,2606.3919067382812,2606.3919067382812,2606.3919067382812,2606.3919067382812,5.73228535333959,1373.465625,5.73228535333959,1373.465625,,,,,,,,,-3.5077146466604106,-1232.9262817382812,-3.5077146466604106,-1232.9262817382812,,,,,,,,,8.17590030893528,1373.465625,8.17590030893528,1373.465625,,,,,,,,,-1.0640996910647207,-1232.9262817382812,-1.0640996910647207,-1232.9262817382812,,,,,,,,,cores,MiB
stage-index|stage-index|job|stage|e23-alias,stage,job,stage-index,stage-index,2023-06-07T08:45:00.000Z,2.93888725204549,2.93888725204549,4.45355809750035,1.41415530313582,0.0,0.0,0.0,9.24,9.24,9.24,9.24,863.008854166667,863.008854166667,863.5703125,862.8515625,878.41640625,878.41640625,879.9375,877.67578125,2606.3919067382812,2606.3919067382812,2606.3919067382812,2606.3919067382812,5.73228535333959,1373.465625,5.73228535333959,1373.465625,,,,,,,,,-3.5077146466604106,-1232.9262817382812,-3.5077146466604106,-1232.9262817382812,,,,,,,,,8.17590030893528,1373.465625,8.17590030893528,1373.465625,,,,,,,,,-1.0640996910647207,-1232.9262817382812,-1.0640996910647207,-1232.9262817382812,,,,,,,,,cores,MiB
stage-index|stage-index|job|stage|e23-alias,stage,job,stage-index,stage-index,2023-06-07T09:00:00.000Z,2.66285395008434,2.66285395008434,4.60035050323543,1.36951273483379,0.0,0.0,0.0,9.24,9.24,9.24,9.24,1093.3272429435444,1093.3272429435444,1114.03515625,1030.6640625,1120.1311743951608,1120.1311743951608,1146.140625,1060.93359375,2606.3919067382812,2606.3919067382812,2606.3919067382812,2606.3919067382812,5.72961705983616,1375.36875,5.72961705983616,1375.36875,,,,,,,,,-3.51038294016384,-1231.0231567382812,-3.51038294016384,-1231.0231567382812,,,,,,,,,8.17590030893528,1375.36875,8.17590030893528,1375.36875,,,,,,,,,-1.0640996910647207,-1231.0231567382812,-1.0640996910647207,-1231.0231567382812,,,,,,,,,cores,MiB
stage-index|stage-index|job|stage|e23-alias,stage,job,stage-index,stage-index,2023-06-07T09:15:00.000Z,3.0492652642745,3.0492652642745,4.23500878706109,1.72659417683414,0.0,0.0,0.0,9.24,9.24,9.24,9.24,983.6376008064556,983.6376008064556,983.7109375,983.51953125,997.603074596777,997.603074596777,998.1640625,997.33203125,2606.3919067382812,2606.3919067382812,2606.3919067382812,2606.3919067382812,5.72961705983616,1375.36875,5.72961705983616,1375.36875,,,,,,,,,-3.51038294016384,-1231.0231567382812,-3.51038294016384,-1231.0231567382812,,,,,,,,,8.17590030893528,1375.36875,8.17590030893528,1375.36875,,,,,,,,,-1.0640996910647207,-1231.0231567382812,-1.0640996910647207,-1231.0231567382812,,,,,,,,,cores,MiB
stage-index|stage-index|job|stage|e23-alias,stage,job,stage-index,stage-index,2023-06-07T09:30:00.000Z,3.08873360976111,3.08873360976111,4.14383434113115,1.61443306113749,0.0,0.0,0.0,9.24,9.24,9.24,9.24,863.686979166667,863.686979166667,863.7734375,863.59765625,879.796614583333,879.796614583333,880.1875,879.625,2606.3919067382812,2606.3919067382812,2606.3919067382812,2606.3919067382812,5.72758108903654,1375.36875,5.72758108903654,1375.36875,,,,,,,,,-3.5124189109634605,-1231.0231567382812,-3.5124189109634605,-1231.0231567382812,,,,,,,,,8.17590030893528,1375.36875,8.17590030893528,1375.36875,,,,,,,,,-1.0640996910647207,-1231.0231567382812,-1.0640996910647207,-1231.0231567382812,,,,,,,,,cores,MiB
stage-index|stage-index|job|stage|e23-alias,stage,job,stage-index,stage-index,2023-06-07T09:45:00.000Z,2.99917734784126,2.99917734784126,4.00357447093508,1.61825377596542,0.0,0.0,0.0,9.24,9.24,9.24,9.24,1031.3370715725803,1031.3370715725803,1031.37890625,1031.25390625,1061.5345262096787,1061.5345262096787,1062.171875,1061.3046875,2606.3919067382812,2606.3919067382812,2606.3919067382812,2606.3919067382812,5.72758108903654,1375.36875,5.72758108903654,1375.36875,,,,,,,,,-3.5124189109634605,-1231.0231567382812,-3.5124189109634605,-1231.0231567382812,,,,,,,,,8.17590030893528,1375.36875,8.17590030893528,1375.36875,,,,,,,,,-1.0640996910647207,-1231.0231567382812,-1.0640996910647207,-1231.0231567382812,,,,,,,,,cores,MiB
stage-index|stage-index|job|stage|e23-alias,stage,job,stage-index,stage-index,2023-06-07T10:00:00.000Z,3.86824149080552,3.86824149080552,5.47181658030022,1.85644578579813,0.0,0.0,0.0,9.24,9.24,9.24,9.24,980.827620967741,980.827620967741,983.65625,980.1796875,992.068422379036,992.068422379036,998.03515625,990.21875,2606.3919067382812,2606.3919067382812,2606.3919067382812,2606.3919067382812,5.72758108903654,1375.36875,5.72758108903654,1375.36875,,,,,,,,,-3.5124189109634605,-1231.0231567382812,-3.5124189109634605,-1231.0231567382812,,,,,,,,,8.17590030893528,1375.36875,8.17590030893528,1375.36875,,,,,,,,,-1.0640996910647207,-1231.0231567382812,-1.0640996910647207,-1231.0231567382812,,,,,,,,,cores,MiB
stage-index|stage-index|job|stage|e23-alias,stage,job,stage-index,stage-index,2023-06-07T11:15:00.000Z,4.24204463204654,4.24204463204654,6.3824426494306,1.73510813579584,0.0,0.0,0.0,9.24,9.24,9.24,9.24,860.5484375,860.5484375,863.67578125,860.14453125,873.04921875,873.04921875,880.25,870.53125,2606.3919067382812,2606.3919067382812,2606.3919067382812,2606.3919067382812,5.72758108903654,1375.36875,5.72758108903654,1375.36875,,,,,,,,,-3.5124189109634605,-1231.0231567382812,-3.5124189109634605,-1231.0231567382812,,,,,,,,,8.17590030893528,1375.36875,8.17590030893528,1375.36875,,,,,,,,,-1.0640996910647207,-1231.0231567382812,-1.0640996910647207,-1231.0231567382812,,,,,,,,,cores,MiB
stage-index|stage-index|job|stage|e23-alias,stage,job,stage-index,stage-index,2023-06-07T11:30:00.000Z,3.84771373842429,3.84771373842429,5.19305593366735,2.4136036885359,0.0,0.0,0.0,9.24,9.24,9.24,9.24,1028.6452872983837,1028.6452872983837,1031.3515625,1028.19140625,1055.8954133064556,1055.8954133064556,1061.56640625,1054.61328125,2606.3919067382812,2606.3919067382812,2606.3919067382812,2606.3919067382812,5.72758108903654,1375.36875,5.72758108903654,1375.36875,,,,,,,,,-3.5124189109634605,-1231.0231567382812,-3.5124189109634605,-1231.0231567382812,,,,,,,,,8.17590030893528,1375.36875,8.17590030893528,1375.36875,,,,,,,,,-1.0640996910647207,-1231.0231567382812,-1.0640996910647207,-1231.0231567382812,,,,,,,,,cores,MiB
stage-index|stage-index|job|stage|e23-alias,stage,job,stage-index,stage-index,2023-06-07T11:45:00.000Z,3.21722966213426,3.21722966213426,5.4343398018973,1.6413552907994,0.0,0.0,0.0,9.24,9.24,9.24,9.24,979.8719758064556,979.8719758064556,980.3515625,979.4453125,990.2396673387051,990.2396673387051,992.2734375,988.828125,2606.3919067382812,2606.3919067382812,2606.3919067382812,2606.3919067382812,5.72758108903654,1375.36875,5.72758108903654,1375.36875,,,,,,,,,-3.5124189109634605,-1231.0231567382812,-3.5124189109634605,-1231.0231567382812,,,,,,,,,8.17590030893528,1375.36875,8.17590030893528,1375.36875,,,,,,,,,-1.0640996910647207,-1231.0231567382812,-1.0640996910647207,-1231.0231567382812,,,,,,,,,cores,MiB
stage-index|stage-index|job|stage|e23-alias,stage,job,stage-index,stage-index,2023-06-07T12:00:00.000Z,3.67256358156007,3.67256358156007,5.64722305459436,1.36663692740258,0.0,0.0,0.0,9.24,9.24,9.24,9.24,859.895572916667,859.895572916667,860.22265625,859.61328125,870.1640625,870.1640625,871.09375,869.421875,2606.3919067382812,2606.3919067382812,2606.3919067382812,2606.3919067382812,5.72758108903654,1375.36875,5.72758108903654,1375.36875,,,,,,,,,-3.5124189109634605,-1231.0231567382812,-3.5124189109634605,-1231.0231567382812,,,,,,,,,8.17590030893528,1375.36875,8.17590030893528,1375.36875,,,,,,,,,-1.0640996910647207,-1231.0231567382812,-1.0640996910647207,-1231.0231567382812,,,,,,,,,cores,MiB
stage-index|stage-index|job|stage|e23-alias,stage,job,stage-index,stage-index,2023-06-07T12:15:00.000Z,6.00395965850421,6.00395965850421,8.30734648669604,3.20475839486656,0.0,0.0,0.0,9.24,9.24,9.24,9.24,1022.8427083333302,1022.8427083333302,1022.89453125,1022.82421875,1031.4252604166697,1031.4252604166697,1032.10546875,1031.2578125,2606.3919067382812,2606.3919067382812,2606.3919067382812,2606.3919067382812,5.72961705983616,1375.36875,5.72961705983616,1375.36875,,,,,,,,,-3.51038294016384,-1231.0231567382812,-3.51038294016384,-1231.0231567382812,,,,,,,,,8.30734648669604,1375.36875,8.30734648669604,1375.36875,,,,,,,,,-0.9326535133039595,-1231.0231567382812,-0.9326535133039595,-1231.0231567382812,,,,,,,,,cores,MiB
stage-index|stage-index|job|stage|e23-alias,stage,job,stage-index,stage-index,2023-06-07T12:30:00.000Z,5.33603566741985,5.33603566741985,6.58922333100345,2.7338061333634,0.0,0.0,0.0,9.24,9.24,9.24,9.24,1051.8298891129016,1051.8298891129016,1051.9296875,1051.71875,1060.2767137096787,1060.2767137096787,1062.01171875,1059.57421875,2606.3919067382812,2606.3919067382812,2606.3919067382812,2606.3919067382812,5.73228535333959,1375.36875,5.73228535333959,1375.36875,,,,,,,,,-3.5077146466604106,-1231.0231567382812,-3.5077146466604106,-1231.0231567382812,,,,,,,,,8.30734648669604,1375.36875,8.30734648669604,1375.36875,,,,,,,,,-0.9326535133039595,-1231.0231567382812,-0.9326535133039595,-1231.0231567382812,,,,,,,,,cores,MiB
stage-index|stage-index|job|stage|e23-alias,stage,job,stage-index,stage-index,2023-06-07T12:45:00.000Z,3.51593683637342,3.51593683637342,6.10223265266977,1.37404053133602,0.0,0.0,0.0,9.24,9.24,9.24,9.24,1021.1500756048393,1021.1500756048393,1021.44140625,1021.01953125,1031.3611391129016,1031.3611391129016,1032.6015625,1030.984375,2606.3919067382812,2606.3919067382812,2606.3919067382812,2606.3919067382812,5.73228535333959,1375.36875,5.73228535333959,1375.36875,,,,,,,,,-3.5077146466604106,-1231.0231567382812,-3.5077146466604106,-1231.0231567382812,,,,,,,,,8.30734648669604,1375.36875,8.30734648669604,1375.36875,,,,,,,,,-0.9326535133039595,-1231.0231567382812,-0.9326535133039595,-1231.0231567382812,,,,,,,,,cores,MiB
stage-index|stage-index|job|stage|e23-alias,stage,job,stage-index,stage-index,2023-06-07T13:00:00.000Z,3.97823058072685,3.97823058072685,8.66947643427023,2.02568476220282,0.0,0.0,0.0,9.24,9.24,9.24,9.24,1022.8434895833302,1022.8434895833302,1022.87109375,1022.82421875,1031.4170572916698,1031.4170572916698,1032.16015625,1031.2578125,2606.3919067382812,2606.3919067382812,2606.3919067382812,2606.3919067382812,5.73228535333959,1375.36875,5.73228535333959,1375.36875,,,,,,,,,-3.5077146466604106,-1231.0231567382812,-3.5077146466604106,-1231.0231567382812,,,,,,,,,8.32215292279919,1375.36875,8.32215292279919,1375.36875,,,,,,,,,-0.9178470772008094,-1231.0231567382812,-0.9178470772008094,-1231.0231567382812,,,,,,,,,cores,MiB
stage-index|stage-index|job|stage|e23-alias,stage,job,stage-index,stage-index,2023-06-07T13:15:00.000Z,3.6795988583601,3.6795988583601,6.15258945016346,1.81121923240523,0.0,0.0,0.0,9.24,9.24,9.24,9.24,1051.8054435483837,1051.8054435483837,1051.8359375,1051.765625,1059.9797127016163,1059.9797127016163,1060.4296875,1059.6796875,2606.3919067382812,2606.3919067382812,2606.3919067382812,2606.3919067382812,5.73228535333959,1375.36875,5.73228535333959,1375.36875,,,,,,,,,-3.5077146466604106,-1231.0231567382812,-3.5077146466604106,-1231.0231567382812,,,,,,,,,8.32215292279919,1375.36875,8.32215292279919,1375.36875,,,,,,,,,-0.9178470772008094,-1231.0231567382812,-0.9178470772008094,-1231.0231567382812,,,,,,,,,cores,MiB
stage-index|stage-index|job|stage|e23-alias,stage,job,stage-index,stage-index,2023-06-07T13:30:00.000Z,2.80348497775564,2.80348497775564,4.10065966949333,1.08493844606758,0.0,0.0,0.0,9.24,9.24,9.24,9.24,1021.0647681451607,1021.0647681451607,1021.17578125,1020.859375,1031.0817792338753,1031.0817792338753,1032.1875,1030.578125,2606.3919067382812,2606.3919067382812,2606.3919067382812,2606.3919067382812,5.72961705983616,1375.36875,5.72961705983616,1375.36875,,,,,,,,,-3.51038294016384,-1231.0231567382812,-3.51038294016384,-1231.0231567382812,,,,,,,,,8.32215292279919,1375.36875,8.32215292279919,1375.36875,,,,,,,,,-0.9178470772008094,-1231.0231567382812,-0.9178470772008094,-1231.0231567382812,,,,,,,,,cores,MiB
stage-index|stage-index|job|stage|e23-alias,stage,job,stage-index,stage-index,2023-06-07T13:45:00.000Z,3.10923955344,3.10923955344,4.4782059093006,1.49347101073557,0.0,0.0,0.0,9.24,9.24,9.24,9.24,1022.8205729166698,1022.8205729166698,1022.85546875,1022.76953125,1031.3171875,1031.3171875,1031.83203125,1031.015625,2606.3919067382812,2606.3919067382812,2606.3919067382812,2606.3919067382812,5.72758108903654,1375.36875,5.72758108903654,1375.36875,,,,,,,,,-3.5124189109634605,-1231.0231567382812,-3.5124189109634605,-1231.0231567382812,,,,,,,,,8.30734648669604,1375.36875,8.30734648669604,1375.36875,,,,,,,,,-0.9326535133039595,-1231.0231567382812,-0.9326535133039595,-1231.0231567382812,,,,,,,,,cores,MiB
stage-index|stage-index|job|stage|e23-alias,stage,job,stage-index,stage-index,2023-06-07T14:00:00.000Z,2.89047717174205,2.89047717174205,4.47116436039408,1.86075534936972,0.0,0.0,0.0,9.24,9.24,9.24,9.24,1051.836441532259,1051.836441532259,1051.9296875,1051.7734375,1059.9776965725803,1059.9776965725803,1061.37109375,1059.41015625,2606.3919067382812,2606.3919067382812,2606.3919067382812,2606.3919067382812,5.6704234512678,1375.36875,5.6704234512678,1375.36875,,,,,,,,,-3.5695765487322006,-1231.0231567382812,-3.5695765487322006,-1231.0231567382812,,,,,,,,,8.30734648669604,1375.36875,8.30734648669604,1375.36875,,,,,,,,,-0.9326535133039595,-1231.0231567382812,-0.9326535133039595,-1231.0231567382812,,,,,,,,,cores,MiB
stage-index|stage-index|job|stage|e23-alias,stage,job,stage-index,stage-index,2023-06-07T14:15:00.000Z,2.57835556641221,2.57835556641221,3.71154149516175,1.08180779330432,0.0,0.0,0.0,9.24,9.24,9.24,9.24,1020.8239667338753,1020.8239667338753,1021.0234375,1020.765625,1030.996597782259,1030.996597782259,1032.70703125,1030.27734375,2606.3919067382812,2606.3919067382812,2606.3919067382812,2606.3919067382812,5.65251978130546,1375.36875,5.65251978130546,1375.36875,,,,,,,,,-3.58748021869454,-1231.0231567382812,-3.58748021869454,-1231.0231567382812,,,,,,,,,8.30734648669604,1375.36875,8.30734648669604,1375.36875,,,,,,,,,-0.9326535133039595,-1231.0231567382812,-0.9326535133039595,-1231.0231567382812,,,,,,,,,cores,MiB
stage-index|stage-index|job|stage|e23-alias,stage,job,stage-index,stage-index,2023-06-07T14:30:00.000Z,3.20949703073672,3.20949703073672,4.84327157842927,1.38860339999665,0.0,0.0,0.0,9.24,9.24,9.24,9.24,1022.8174479166698,1022.8174479166698,1022.953125,1022.76953125,1031.19205729167,1031.19205729167,1031.78515625,1030.90625,2606.3919067382812,2606.3919067382812,2606.3919067382812,2606.3919067382812,5.64722305459436,1375.36875,5.64722305459436,1375.36875,,,,,,,,,-3.5927769454056406,-1231.0231567382812,-3.5927769454056406,-1231.0231567382812,,,,,,,,,8.30734648669604,1375.36875,8.30734648669604,1375.36875,,,,,,,,,-0.9326535133039595,-1231.0231567382812,-0.9326535133039595,-1231.0231567382812,,,,,,,,,cores,MiB
stage-index|stage-index|job|stage|e23-alias,stage,job,stage-index,stage-index,2023-06-07T14:45:00.000Z,2.67097684332014,2.67097684332014,4.30383768730486,0.999264559561076,0.0,0.0,0.0,9.24,9.24,9.24,9.24,1051.7970010080624,1051.7970010080624,1051.9921875,1051.76953125,1059.6651965725803,1059.6651965725803,1060.96484375,1059.30078125,2606.3919067382812,2606.3919067382812,2606.3919067382812,2606.3919067382812,5.50489201743621,1375.36875,5.50489201743621,1375.36875,,,,,,,,,-3.7351079825637905,-1231.0231567382812,-3.7351079825637905,-1231.0231567382812,,,,,,,,,8.30734648669604,1375.36875,8.30734648669604,1375.36875,,,,,,,,,-0.9326535133039595,-1231.0231567382812,-0.9326535133039595,-1231.0231567382812,,,,,,,,,cores,MiB
stage-index|stage-index|job|stage|e23-alias,stage,job,stage-index,stage-index,2023-06-07T15:00:00.000Z,2.98574996435316,2.98574996435316,4.39871932060147,1.72470455329555,0.0,0.0,0.0,9.24,9.24,9.24,9.24,1021.0342741935444,1021.0342741935444,1021.0703125,1021.0234375,1031.1834677419376,1031.1834677419376,1031.80078125,1030.8984375,2606.3919067382812,2606.3919067382812,2606.3919067382812,2606.3919067382812,5.50489201743621,1375.36875,5.50489201743621,1375.36875,,,,,,,,,-3.7351079825637905,-1231.0231567382812,-3.7351079825637905,-1231.0231567382812,,,,,,,,,8.30734648669604,1375.36875,8.30734648669604,1375.36875,,,,,,,,,-0.9326535133039595,-1231.0231567382812,-0.9326535133039595,-1231.0231567382812,,,,,,,,,cores,MiB
stage-index|stage-index|job|stage|e23-alias,stage,job,stage-index,stage-index,2023-06-07T15:15:00.000Z,3.15918606809315,3.15918606809315,5.11584564947213,1.56571594479804,0.0,0.0,0.0,9.24,9.24,9.24,9.24,1022.9625,1022.9625,1022.99609375,1022.9453125,1031.576953125,1031.576953125,1031.94921875,1031.4375,2606.3919067382812,2606.3919067382812,2606.3919067382812,2606.3919067382812,5.50489201743621,1375.36875,5.50489201743621,1375.36875,,,,,,,,,-3.7351079825637905,-1231.0231567382812,-3.7351079825637905,-1231.0231567382812,,,,,,,,,8.30734648669604,1375.36875,8.30734648669604,1375.36875,,,,,,,,,-0.9326535133039595,-1231.0231567382812,-0.9326535133039595,-1231.0231567382812,,,,,,,,,cores,MiB
stage-index|stage-index|job|stage|e23-alias,stage,job,stage-index,stage-index,2023-06-07T15:30:00.000Z,3.06968185231995,3.06968185231995,4.96633508950472,1.61570009673014,0.0,0.0,0.0,9.24,9.24,9.24,9.24,1051.9586693548392,1051.9586693548392,1052.0078125,1051.92578125,1060.1586441532231,1060.1586441532231,1061.04296875,1059.875,2606.3919067382812,2606.3919067382812,2606.3919067382812,2606.3919067382812,5.50489201743621,1375.36875,5.50489201743621,1375.36875,,,,,,,,,-3.7351079825637905,-1231.0231567382812,-3.7351079825637905,-1231.0231567382812,,,,,,,,,8.30734648669604,1375.36875,8.30734648669604,1375.36875,,,,,,,,,-0.9326535133039595,-1231.0231567382812,-0.9326535133039595,-1231.0231567382812,,,,,,,,,cores,MiB
stage-index|stage-index|job|stage|e23-alias,stage,job,stage-index,stage-index,2023-06-07T15:45:00.000Z,3.07929961482891,3.07929961482891,4.27930322673637,1.73068163976228,0.0,0.0,0.0,9.24,9.24,9.24,9.24,1021.0344002016163,1021.0344002016163,1021.14453125,1020.94140625,1031.495589717741,1031.495589717741,1033.65625,1030.8359375,2606.3919067382812,2606.3919067382812,2606.3919067382812,2606.3919067382812,5.50489201743621,1375.36875,5.50489201743621,1375.36875,,,,,,,,,-3.7351079825637905,-1231.0231567382812,-3.7351079825637905,-1231.0231567382812,,,,,,,,,8.30734648669604,1375.36875,8.30734648669604,1375.36875,,,,,,,,,-0.9326535133039595,-1231.0231567382812,-0.9326535133039595,-1231.0231567382812,,,,,,,,,cores,MiB
stage-index|stage-index|job|stage|e23-alias,stage,job,stage-index,stage-index,2023-06-07T16:00:00.000Z,3.2879547172001,3.2879547172001,5.2083099101282,1.73054581349716,0.0,0.0,0.0,9.24,9.24,9.24,9.24,1022.9893229166698,1022.9893229166698,1023.05078125,1022.91796875,1031.51106770833,1031.51106770833,1031.9453125,1031.14453125,2606.3919067382812,2606.3919067382812,2606.3919067382812,2606.3919067382812,5.50489201743621,1375.36875,5.50489201743621,1375.36875,,,,,,,,,-3.7351079825637905,-1231.0231567382812,-3.7351079825637905,-1231.0231567382812,,,,,,,,,8.30734648669604,1375.36875,8.30734648669604,1375.36875,,,,,,,,,-0.9326535133039595,-1231.0231567382812,-0.9326535133039595,-1231.0231567382812,,,,,,,,,cores,MiB
stage-index|stage-index|job|stage|e23-alias,stage,job,stage-index,stage-index,2023-06-07T16:15:00.000Z,3.1452742577533,3.1452742577533,4.60405375643168,1.92574055280226,0.0,0.0,0.0,9.24,9.24,9.24,9.24,1052.0403225806426,1052.0403225806426,1052.234375,1051.92578125,1060.094254032259,1060.094254032259,1060.5,1059.73046875,2606.3919067382812,2606.3919067382812,2606.3919067382812,2606.3919067382812,5.50489201743621,1375.36875,5.50489201743621,1375.36875,,,,,,,,,-3.7351079825637905,-1231.0231567382812,-3.7351079825637905,-1231.0231567382812,,,,,,,,,8.30734648669604,1375.36875,8.30734648669604,1375.36875,,,,,,,,,-0.9326535133039595,-1231.0231567382812,-0.9326535133039595,-1231.0231567382812,,,,,,,,,cores,MiB
stage-index|stage-index|job|stage|e23-alias,stage,job,stage-index,stage-index,2023-06-07T16:30:00.000Z,2.82276080312776,2.82276080312776,4.46084034516631,1.47753680263025,0.0,0.0,0.0,9.24,9.24,9.24,9.24,1021.1891381048393,1021.1891381048393,1021.296875,1021.0703125,1031.3528225806426,1031.3528225806426,1032.859375,1030.9453125,2606.3919067382812,2606.3919067382812,2606.3919067382812,2606.3919067382812,5.50489201743621,1375.36875,5.50489201743621,1375.36875,,,,,,,,,-3.7351079825637905,-1231.0231567382812,-3.7351079825637905,-1231.0231567382812,,,,,,,,,8.30734648669604,1375.36875,8.30734648669604,1375.36875,,,,,,,,,-0.9326535133039595,-1231.0231567382812,-0.9326535133039595,-1231.0231567382812,,,,,,,,,cores,MiB
stage-index|stage-index|job|stage|e23-alias,stage,job,stage-index,stage-index,2023-06-07T16:45:00.000Z,3.20175301555673,3.20175301555673,4.73529834573468,1.8571729986618,0.0,0.0,0.0,9.24,9.24,9.24,9.24,1023.16484375,1023.16484375,1023.28125,1022.99609375,1031.5912760416697,1031.5912760416697,1032.15234375,1031.3125,2606.3919067382812,2606.3919067382812,2606.3919067382812,2606.3919067382812,5.50489201743621,1375.36875,5.50489201743621,1375.36875,,,,,,,,,-3.7351079825637905,-1231.0231567382812,-3.7351079825637905,-1231.0231567382812,,,,,,,,,8.30734648669604,1375.36875,8.30734648669604,1375.36875,,,,,,,,,-0.9326535133039595,-1231.0231567382812,-0.9326535133039595,-1231.0231567382812,,,,,,,,,cores,MiB
stage-index|stage-index|job|stage|e23-alias,stage,job,stage-index,stage-index,2023-06-07T17:00:00.000Z,2.90220611108881,2.90220611108881,4.17090743006362,2.07632644893602,0.0,0.0,0.0,9.24,9.24,9.24,9.24,917.6898941532259,917.6898941532259,1052.39453125,862.58984375,937.0393145161295,937.0393145161295,1061.9453125,885.77734375,2606.3919067382812,2606.3919067382812,2606.3919067382812,2606.3919067382812,5.50489201743621,1375.36875,5.50489201743621,1375.36875,,,,,,,,,-3.7351079825637905,-1231.0231567382812,-3.7351079825637905,-1231.0231567382812,,,,,,,,,8.30734648669604,1375.36875,8.30734648669604,1375.36875,,,,,,,,,-0.9326535133039595,-1231.0231567382812,-0.9326535133039595,-1231.0231567382812,,,,,,,,,cores,MiB
stage-index|stage-index|job|stage|e23-alias,stage,job,stage-index,stage-index,2023-06-07T17:15:00.000Z,4.63462549453446,4.63462549453446,8.05965903283407,1.48207648409686,0.0002009082655172,0.0002009082655172,0.0002009082655172,9.24,9.24,9.24,9.24,1023.0493951612949,1023.0493951612949,1028.9375,1021.3203125,1033.9923135080624,1033.9923135080624,1041.9921875,1030.99609375,2606.3919067382812,2606.3919067382812,2606.3919067382812,2606.3919067382812,5.64722305459436,1375.36875,5.64722305459436,1375.36875,,,,,,,,,-3.5927769454056406,-1231.0231567382812,-3.5927769454056406,-1231.0231567382812,,,,,,,,,8.30734648669604,1375.36875,8.30734648669604,1375.36875,,,,,,,,,-0.9326535133039595,-1231.0231567382812,-0.9326535133039595,-1231.0231567382812,,,,,,,,,cores,MiB
stage-index|stage-index|job|stage|e23-alias,stage,job,stage-index,stage-index,2023-06-07T17:30:00.000Z,5.07764416654206,5.07764416654206,9.12417652299628,1.91004286995934,0.0,0.0,0.0,9.24,9.24,9.24,9.24,1023.9623697916699,1023.9623697916699,1024.30078125,1023.3046875,1033.1619791666699,1033.1619791666699,1034.109375,1031.60546875,2606.3919067382812,2606.3919067382812,2606.3919067382812,2606.3919067382812,5.64722305459436,1375.36875,5.64722305459436,1375.36875,,,,,,,,,-3.5927769454056406,-1231.0231567382812,-3.5927769454056406,-1231.0231567382812,,,,,,,,,8.32215292279919,1375.36875,8.32215292279919,1375.36875,,,,,,,,,-0.9178470772008094,-1231.0231567382812,-0.9178470772008094,-1231.0231567382812,,,,,,,,,cores,MiB
stage-index|stage-index|job|stage|e23-alias,stage,job,stage-index,stage-index,2023-06-07T17:45:00.000Z,4.44647838311684,4.44647838311684,7.51082014756588,1.23456974776927,0.0,0.0,0.0,9.24,9.24,9.24,9.24,863.1471774193554,863.1471774193554,863.4765625,862.56640625,887.4901713709679,887.4901713709679,889.71484375,885.796875,2606.3919067382812,2606.3919067382812,2606.3919067382812,2606.3919067382812,5.65251978130546,1375.36875,5.65251978130546,1375.36875,,,,,,,,,-3.58748021869454,-1231.0231567382812,-3.58748021869454,-1231.0231567382812,,,,,,,,,8.32215292279919,1375.36875,8.32215292279919,1375.36875,,,,,,,,,-0.9178470772008094,-1231.0231567382812,-0.9178470772008094,-1231.0231567382812,,,,,,,,,cores,MiB
stage-index|stage-index|job|stage|e23-alias,stage,job,stage-index,stage-index,2023-06-07T18:00:00.000Z,3.77262763061664,3.77262763061664,6.22903825929388,1.3104269864969,0.0,0.0,0.0,9.24,9.24,9.24,9.24,1024.1583921370984,1024.1583921370984,1024.78515625,1023.16796875,1037.7090473790358,1037.7090473790358,1040.19140625,1034.921875,2606.3919067382812,2606.3919067382812,2606.3919067382812,2606.3919067382812,5.6704234512678,1375.36875,5.6704234512678,1375.36875,,,,,,,,,-3.5695765487322006,-1231.0231567382812,-3.5695765487322006,-1231.0231567382812,,,,,,,,,8.32215292279919,1375.36875,8.32215292279919,1375.36875,,,,,,,,,-0.9178470772008094,-1231.0231567382812,-0.9178470772008094,-1231.0231567382812,,,,,,,,,cores,MiB
stage-index|stage-index|job|stage|e23-alias,stage,job,stage-index,stage-index,2023-06-07T18:15:00.000Z,3.50951441796238,3.50951441796238,5.57326473433835,1.27108631200002,0.0,0.0,0.0,9.24,9.24,9.24,9.24,1028.4070060483837,1028.4070060483837,1028.93359375,1027.84765625,1041.7799899193574,1041.7799899193574,1043.62109375,1039.890625,2606.3919067382812,2606.3919067382812,2606.3919067382812,2606.3919067382812,5.64722305459436,1375.36875,5.64722305459436,1375.36875,,,,,,,,,-3.5927769454056406,-1231.0231567382812,-3.5927769454056406,-1231.0231567382812,,,,,,,,,8.32215292279919,1375.36875,8.32215292279919,1375.36875,,,,,,,,,-0.9178470772008094,-1231.0231567382812,-0.9178470772008094,-1231.0231567382812,,,,,,,,,cores,MiB
stage-index|stage-index|job|stage|e23-alias,stage,job,stage-index,stage-index,2023-06-07T18:30:00.000Z,2.84684188096888,2.84684188096888,6.5298734461035,1.50538354523014,0.0,0.0,0.0,9.24,9.24,9.24,9.24,969.616683467741,969.616683467741,971.1875,969.28125,982.2589465725804,982.2589465725804,986.515625,980.98046875,2606.3919067382812,2606.3919067382812,2606.3919067382812,2606.3919067382812,5.64722305459436,1375.36875,5.64722305459436,1375.36875,,,,,,,,,-3.5927769454056406,-1231.0231567382812,-3.5927769454056406,-1231.0231567382812,,,,,,,,,8.32215292279919,1375.36875,8.32215292279919,1375.36875,,,,,,,,,-0.9178470772008094,-1231.0231567382812,-0.9178470772008094,-1231.0231567382812,,,,,,,,,cores,MiB
stage-index|stage-index|job|stage|e23-alias,stage,job,stage-index,stage-index,2023-06-07T18:45:00.000Z,3.30092605524671,3.30092605524671,6.59062390936694,1.35177669896899,0.0,0.0,0.0,9.24,9.24,9.24,9.24,887.382552083333,887.382552083333,1024.359375,859.99609375,898.186328125,898.186328125,1039.08203125,869.98046875,2606.3919067382812,2606.3919067382812,2606.3919067382812,2606.3919067382812,5.64722305459436,1375.36875,5.64722305459436,1375.36875,,,,,,,,,-3.5927769454056406,-1231.0231567382812,-3.5927769454056406,-1231.0231567382812,,,,,,,,,8.32215292279919,1375.36875,8.32215292279919,1375.36875,,,,,,,,,-0.9178470772008094,-1231.0231567382812,-0.9178470772008094,-1231.0231567382812,,,,,,,,,cores,MiB
stage-index|stage-index|job|stage|e23-alias,stage,job,stage-index,stage-index,2023-06-07T19:00:00.000Z,2.95093463681431,2.95093463681431,6.03599073136381,1.55430638610075,0.0,0.0,0.0,9.24,9.24,9.24,9.24,1032.0364163306426,1032.0364163306426,1053.6171875,1027.8671875,1044.2872983870984,1044.2872983870984,1065.97265625,1039.94921875,2606.3919067382812,2606.3919067382812,2606.3919067382812,2606.3919067382812,5.6704234512678,1375.36875,5.6704234512678,1375.36875,,,,,,,,,-3.5695765487322006,-1231.0231567382812,-3.5695765487322006,-1231.0231567382812,,,,,,,,,8.32215292279919,1375.36875,8.32215292279919,1375.36875,,,,,,,,,-0.9178470772008094,-1231.0231567382812,-0.9178470772008094,-1231.0231567382812,,,,,,,,,cores,MiB
stage-index|stage-index|job|stage|e23-alias,stage,job,stage-index,stage-index,2023-06-07T19:15:00.000Z,5.23463443678338,5.23463443678338,7.28292435513188,3.6678690766062,0.0,0.0,0.0,9.24,9.24,9.24,9.24,970.6837197580624,970.6837197580624,970.9453125,970.50390625,984.1534778225804,984.1534778225804,984.9375,983.40625,2606.3919067382812,2606.3919067382812,2606.3919067382812,2606.3919067382812,5.72758108903654,1375.36875,5.72758108903654,1375.36875,,,,,,,,,-3.5124189109634605,-1231.0231567382812,-3.5124189109634605,-1231.0231567382812,,,,,,,,,8.32215292279919,1375.36875,8.32215292279919,1375.36875,,,,,,,,,-0.9178470772008094,-1231.0231567382812,-0.9178470772008094,-1231.0231567382812,,,,,,,,,cores,MiB
